id,gender,articleType,season,usage
52003,Men,Watches,Fall,Casual
52007,Women,Dresses,Summer,Ethnic
52017,Men,Fragrance Gift Set,Winter,Casual
52021,Women,Sarees,Summer,Casual
52023,Men,Innerwear Vests,Summer,Casual
52026,Men,Shirts,Summer,Casual
52027,Men,Sweatshirts,Summer,Formal
52028,Men,Topwear,Summer,Casual
52029,Men,Jackets,Summer,Sports
52030,Men,Jackets,Summer,Casual
52031,Men,Topwear,Summer,Sports
52032,Men,Kurtis,Summer,Casual
52034,Men,Jackets,Summer,Sports
52042,Men,Topwear,Summer,Casual
52043,Men,Topwear,Summer,Casual
52044,Men,Jackets,Summer,Casual
52045,Men,Shirts,Summer,Casual
52049,Men,Innerwear Vests,Summer,Casual
52050,Men,Tshirts,Summer,Sports
52051,Men,Tshirts,Summer,Casual
52052,Men,Innerwear Vests,Summer,Casual
52053,Men,Tshirts,Fall,Sports
52054,Men,Tshirts,Summer,Casual
52055,Men,Tshirts,Summer,Casual
52056,Men,Tshirts,Summer,Casual
52057,Men,Tshirts,Summer,Casual
52058,Men,Tshirts,Summer,Casual
52059,Men,Tshirts,Summer,Casual
52060,Men,Tshirts,Summer,Casual
52061,Men,Tshirts,Summer,Casual
52062,Men,Tshirts,Summer,Casual
52063,Men,Tshirts,Summer,Casual
52064,Men,Tshirts,Summer,Casual
52065,Men,Tshirts,Summer,Casual
52066,Men,Tshirts,Summer,Casual
52067,Men,Tshirts,Summer,Casual
52068,Men,Tshirts,Summer,Casual
52069,Men,Tshirts,Summer,Casual
52070,Men,Tshirts,Summer,Casual
52071,Men,Tshirts,Summer,Casual
52072,Men,Tshirts,Summer,Casual
52073,Men,Tshirts,Summer,Casual
52074,Men,Tshirts,Summer,Casual
52075,Men,Tshirts,Summer,Casual
52076,Men,Tshirts,Summer,Casual
52077,Men,Tshirts,Summer,Casual
52078,Men,Tshirts,Summer,Casual
52079,Men,Tshirts,Summer,Casual
52080,Men,Innerwear Vests,Summer,Casual
52081,Men,Tshirts,Summer,Casual
52082,Men,Innerwear Vests,Summer,Casual
52083,Women,Tshirts,Fall,Casual
52084,Women,Tops,Summer,Casual
52085,Women,Tshirts,Spring,Casual
52086,Women,Tshirts,Summer,Casual
52087,Women,Tops,Summer,Casual
52088,Women,Tops,Summer,Casual
52089,Women,Jackets,Summer,Casual
52090,Women,Tshirts,Summer,Casual
52091,Women,Tshirts,Summer,Casual
52092,Women,Tshirts,Summer,Casual
52093,Women,Tops,Summer,Casual
52094,Women,Tshirts,Summer,Casual
52095,Women,Innerwear Vests,Fall,Casual
52096,Women,Tops,Summer,Casual
52097,Women,Tops,Summer,Casual
52098,Women,Tops,Summer,Casual
52099,Women,Tops,Summer,Casual
52100,Women,Kurtas,Summer,Ethnic
52101,Women,Kurtas,Summer,Ethnic
52102,Women,Kurtas,Summer,Ethnic
52103,Women,Stoles,Summer,Casual
52104,Women,Kurtas,Summer,Ethnic
52105,Women,Kurtas,Summer,Ethnic
52106,Women,Kurtas,Summer,Ethnic
52107,Women,Kurtas,Summer,Ethnic
52108,Women,Kurtas,Summer,Ethnic
52109,Women,Kurtas,Summer,Ethnic
52110,Women,Kurtas,Summer,Ethnic
52111,Women,Kurtis,Summer,Casual
52112,Women,Dupatta,Summer,Ethnic
52113,Women,Tunics,Summer,Ethnic
52114,Women,Scarves,Summer,Casual
52115,Women,Tops,Summer,Casual
52116,Women,Tops,Summer,Casual
52117,Women,Tops,Summer,Casual
52118,Women,Nightdress,Summer,Casual
52119,Women,Tops,Summer,Casual
52120,Boys,Tshirts,Summer,Casual
52121,Boys,Tshirts,Summer,Casual
52122,Boys,Tshirts,Summer,Casual
52123,Girls,Tops,Summer,Casual
52124,Girls,Tops,Summer,Casual
52125,Girls,Dresses,Summer,Casual
52126,Girls,Tops,Summer,Casual
52127,Boys,Tshirts,Summer,Casual
52128,Girls,Dresses,Summer,Casual
52129,Boys,Tshirts,Summer,Casual
52130,Girls,Dresses,Summer,Casual
52131,Girls,Dresses,Summer,Casual
52132,Boys,Tshirts,Summer,Casual
52133,Women,Leggings,Summer,Casual
52134,Men,Stockings,Summer,Casual
52135,Women,Tshirts,Fall,Casual
52136,Women,Tshirts,Summer,Casual
52137,Women,Tshirts,Summer,Sports
52138,Men,Tshirts,Summer,Casual
52139,Women,Tshirts,Summer,Casual
52140,Women,Tshirts,Summer,Casual
52141,Women,Tops,Summer,Casual
52142,Women,Tshirts,Summer,Casual
52143,Women,Tshirts,Summer,Ethnic
52144,Women,Tshirts,Summer,Casual
52145,Women,Tshirts,Summer,Casual
52146,Women,Tshirts,Summer,Casual
52147,Men,Tshirts,Summer,Casual
52148,Men,Tshirts,Summer,Casual
52149,Women,Tshirts,Summer,Casual
52150,Men,Tshirts,Summer,Sports
52151,Men,Tshirts,Summer,Casual
52153,Women,Tops,Summer,Ethnic
52154,Women,Tunics,Summer,Casual
52155,Women,Innerwear Vests,Summer,Casual
52156,Women,Tops,Summer,Sports
52157,Women,Kurtas,Summer,Ethnic
52158,Women,Tunics,Summer,Casual
52159,Women,Dupatta,Summer,Casual
52160,Women,Tunics,Summer,Ethnic
52161,Women,Dresses,Summer,Casual
52162,Women,Tops,Summer,Casual
52163,Women,Innerwear Vests,Summer,Casual
52164,Women,Innerwear Vests,Summer,Casual
52165,Men,Necklace and Chains,Summer,Sports
52166,Women,Ties,Summer,Casual
52168,Women,Perfume and Body Mist,Winter,Sports
52169,Unisex,Heels,Fall,Sports
52172,Men,Gloves,Winter,Sports
52173,Men,Watches,Winter,Casual
52176,Unisex,Wallets,Summer,Sports
52177,Men,Sports Shoes,Winter,Casual
52178,Men,Heels,Summer,Casual
52179,Men,Sports Shoes,Fall,Sports
52180,Girls,Earrings,Summer,Casual
52181,Unisex,Earrings,Summer,Casual
52182,Men,Sports Shoes,Fall,Sports
52183,Women,Earrings,Summer,Casual
52185,Men,Sports Shoes,Fall,Sports
52186,Men,Sports Equipment,Fall,Sports
52187,Men,Cufflinks,Summer,Casual
52190,Men,Sunglasses,Summer,Sports
52191,Men,Jewellery Set,Fall,Sports
52193,Women,Earrings,Winter,Sports
52195,Women,Earrings,Winter,Sports
52198,Women,Earrings,Summer,Casual
52200,Women,Pendant,Fall,Sports
52202,Women,Pendant,Fall,Sports
52204,Men,Pendant,Fall,Sports
52205,Men,Shorts,Fall,Sports
52209,Women,Necklace and Chains,Summer,Sports
52210,Women,Necklace and Chains,Fall,Sports
52211,Women,Necklace and Chains,Fall,Sports
52214,Women,Pendant,Summer,Sports
52220,Women,Necklace and Chains,Fall,Ethnic
52221,Women,Necklace and Chains,Fall,Casual
52222,Men,Trunk,Summer,Sports
52223,Women,Bracelet,Summer,Ethnic
52224,Women,Bracelet,Fall,Ethnic
52225,Women,Free Gifts,Summer,Casual
52228,Men,Sports Equipment,Winter,Casual
52230,Men,Shirts,Winter,Casual
52235,Men,Jeans,Summer,Casual
52254,Men,Trunk,Summer,Casual
52255,Men,Briefs,Summer,Casual
52256,Men,Trunk,Summer,Casual
52257,Men,Trunk,Summer,Casual
52299,Men,Lounge Shorts,Summer,Casual
52303,Women,Jewellery Set,Winter,Casual
52304,Women,Necklace and Chains,Summer,Casual
52305,Women,Necklace and Chains,Fall,Casual
52306,Women,Necklace and Chains,Fall,Casual
52307,Women,Necklace and Chains,Winter,Casual
52308,Women,Necklace and Chains,Fall,Casual
52309,Women,Necklace and Chains,Winter,Casual
52310,Men,Sarees,Summer,Sports
52311,Women,Necklace and Chains,Summer,Casual
52312,Women,Necklace and Chains,Summer,Casual
52313,Unisex,Sandals,Summer,Casual
52314,Men,Accessory Gift Set,Summer,Casual
52315,Women,Sandals,Summer,Casual
52316,Women,Belts,Winter,Casual
52317,Women,Messenger Bag,Summer,Casual
52318,Men,Caps,Summer,Casual
52320,Women,Sandals,Summer,Casual
52322,Unisex,Belts,Summer,Casual
52323,Women,Heels,Summer,Casual
52324,Women,Accessory Gift Set,Summer,Casual
52325,Women,Caps,Summer,Casual
52326,Women,Casual Shoes,Summer,Casual
52327,Men,Caps,Winter,Casual
52328,Men,Messenger Bag,Fall,Sports
52329,Women,Handbags,Summer,Sports
52330,Women,Wallets,Summer,Casual
52331,Women,Wallets,Summer,Casual
52332,Women,Wallets,Summer,Casual
52333,Women,Clutches,Summer,Casual
52334,Women,Clutches,Summer,Casual
52335,Women,Clutches,Winter,Casual
52336,Women,Clutches,Winter,Casual
52337,Women,Clutches,Summer,Casual
52338,Women,Clutches,Summer,Casual
52339,Women,Clutches,Summer,Casual
52340,Women,Tshirts,Summer,Casual
52341,Women,Dresses,Summer,Ethnic
52342,Women,Dresses,Summer,Casual
52343,Women,Dresses,Summer,Ethnic
52344,Women,Dresses,Summer,Ethnic
52345,Women,Dresses,Summer,Casual
52346,Women,Dresses,Summer,Ethnic
52347,Women,Dresses,Summer,Casual
52348,Women,Dresses,Summer,Casual
52349,Women,Nightdress,Summer,Casual
52350,Women,Dresses,Summer,Ethnic
52351,Women,Dresses,Summer,Casual
52352,Women,Kurtas,Summer,Casual
52353,Women,Dresses,Summer,Ethnic
52354,Women,Sarees,Summer,Ethnic
52355,Women,Sarees,Summer,Ethnic
52356,Women,Sarees,Summer,Ethnic
52357,Women,Dresses,Summer,Ethnic
52358,Women,Dresses,Summer,Casual
52359,Women,Dresses,Summer,Casual
52360,Women,Sarees,Summer,Ethnic
52361,Women,Dresses,Summer,Ethnic
52362,Women,Nightdress,Summer,Casual
52363,Women,Dresses,Summer,Ethnic
52364,Women,Loungewear and Nightwear,Summer,Casual
52366,Women,Dresses,Summer,Ethnic
52367,Women,Dresses,Summer,Ethnic
52368,Women,Nightdress,Summer,Ethnic
52369,Women,Tunics,Summer,Ethnic
52370,Women,Tunics,Summer,Ethnic
52371,Women,Tops,Summer,Casual
52372,Women,Dresses,Summer,Ethnic
52373,Women,Dresses,Summer,Ethnic
52374,Women,Dresses,Summer,Ethnic
52375,Women,Dresses,Summer,Ethnic
52376,Women,Dresses,Summer,Ethnic
52377,Women,Dresses,Summer,Ethnic
52378,Women,Dresses,Summer,Ethnic
52379,Women,Nightdress,Summer,Ethnic
52380,Women,Dresses,Summer,Ethnic
52381,Women,Kurta Sets,Summer,Ethnic
52382,Women,Kurta Sets,Summer,Ethnic
52383,Women,Sarees,Summer,Ethnic
52384,Women,Sarees,Summer,Ethnic
52385,Women,Nightdress,Summer,Casual
52386,Women,Nightdress,Summer,Casual
52387,Women,Dresses,Summer,Ethnic
52390,Women,Dresses,Summer,Ethnic
52391,Women,Dresses,Summer,Ethnic
52392,Women,Dresses,Summer,Ethnic
52393,Women,Nightdress,Summer,Casual
52394,Women,Dresses,Summer,Casual
52395,Women,Dresses,Summer,Casual
52396,Women,Sarees,Summer,Casual
52397,Women,Kurta Sets,Summer,Ethnic
52398,Women,Dresses,Summer,Casual
52399,Women,Nightdress,Summer,Ethnic
52400,Women,Dresses,Summer,Ethnic
52401,Women,Dresses,Summer,Ethnic
52402,Women,Dresses,Summer,Ethnic
52403,Women,Nightdress,Summer,Casual
52404,Women,Dresses,Summer,Ethnic
52405,Women,Dresses,Summer,Ethnic
52406,Women,Dresses,Summer,Ethnic
52407,Women,Dresses,Summer,Ethnic
52408,Women,Dresses,Summer,Ethnic
52409,Women,Dresses,Summer,Ethnic
52410,Women,Dresses,Summer,Ethnic
52411,Women,Dresses,Summer,Ethnic
52412,Women,Dresses,Summer,Casual
52413,Women,Dresses,Summer,Casual
52414,Women,Tops,Summer,Casual
52415,Women,Nightdress,Summer,Ethnic
52416,Women,Tops,Summer,Casual
52417,Women,Dress,Summer,Ethnic
52418,Women,Nightdress,Summer,Casual
52419,Women,Nightdress,Summer,Casual
52420,Women,Dresses,Summer,Ethnic
52421,Women,Kurtas,Summer,Ethnic
52422,Women,Sarees,Summer,Ethnic
52423,Women,Dresses,Summer,Ethnic
52424,Women,Dresses,Summer,Casual
52425,Women,Dresses,Fall,Ethnic
52426,Women,Dresses,Summer,Ethnic
52427,Women,Nightdress,Summer,Ethnic
52428,Women,Nightdress,Summer,Ethnic
52429,Women,Nightdress,Summer,Ethnic
52430,Women,Nightdress,Summer,Casual
52431,Women,Nightdress,Summer,Casual
52432,Women,Dresses,Summer,Casual
52434,Women,Dresses,Summer,Casual
52435,Women,Nightdress,Summer,Ethnic
52436,Women,Dresses,Summer,Ethnic
52437,Women,Dresses,Summer,Ethnic
52438,Women,Nightdress,Summer,Ethnic
52439,Women,Dresses,Summer,Casual
52440,Women,Nightdress,Summer,Casual
52441,Women,Nightdress,Winter,Formal
52442,Women,Innerwear,Summer,Ethnic
52443,Women,Loungewear and Nightwear,Summer,Casual
52444,Women,Dresses,Summer,Casual
52445,Women,Nightdress,Winter,Casual
52446,Women,Tops,Summer,Casual
52447,Women,Scarves,Summer,Ethnic
52448,Women,Nightdress,Summer,Ethnic
52449,Women,Nightdress,Summer,Ethnic
52450,Women,Nightdress,Summer,Casual
52451,Women,Dresses,Summer,Ethnic
52452,Women,Dresses,Summer,Ethnic
52453,Women,Nightdress,Summer,Casual
52454,Women,Dresses,Summer,Party
52455,Women,Dresses,Summer,Casual
52456,Women,Dresses,Summer,Ethnic
52457,Women,Nightdress,Summer,Casual
52458,Women,Tunics,Summer,Ethnic
52459,Women,Nightdress,Summer,Casual
52460,Women,Nightdress,Summer,Ethnic
52461,Women,Dresses,Summer,Casual
52462,Women,Nightdress,Summer,Ethnic
52463,Women,Nightdress,Summer,Ethnic
52464,Women,Nightdress,Summer,Ethnic
52465,Women,Bra,Winter,Casual
52466,Women,Bra,Winter,Casual
52467,Women,Innerwear Vests,Summer,Casual
52468,Women,Tops,Summer,Casual
52469,Women,Innerwear Vests,Fall,Casual
52470,Women,Innerwear,Fall,Casual
52472,Women,Night suits,Summer,Ethnic
52473,Women,Nightdress,Summer,Ethnic
52474,Women,Dresses,Fall,Ethnic
52475,Women,Nightdress,Fall,Ethnic
52476,Women,Sarees,Fall,Ethnic
52477,Women,Nightdress,Summer,Casual
52478,Women,Night suits,Summer,Casual
52479,Women,Nightdress,Winter,Casual
52480,Women,Nightdress,Summer,Casual
52481,Women,Nightdress,Summer,Ethnic
52482,Women,Nightdress,Summer,Ethnic
52483,Women,Bra,Winter,Casual
52484,Women,Bra,Winter,Casual
52485,Women,Bra,Winter,Casual
52486,Women,Bra,Winter,Casual
52487,Women,Bra,Winter,Sports
52488,Women,Bra,Winter,Casual
52489,Women,Bra,Winter,Casual
52490,Women,Bra,Winter,Casual
52491,Women,Innerwear Vests,Fall,Casual
52492,Women,Tops,Fall,Casual
52493,Women,Innerwear Vests,Summer,Casual
52494,Women,Kurta Sets,Fall,Ethnic
52495,Women,Sarees,Fall,Ethnic
52496,Women,Dresses,Summer,Casual
52497,Women,Kurta Sets,Fall,Ethnic
52498,Women,Dresses,Summer,Ethnic
52499,Women,Tunics,Summer,Casual
52500,Women,Nightdress,Summer,Casual
52501,Women,Dresses,Summer,Ethnic
52502,Women,Nightdress,Summer,Ethnic
52503,Women,Sarees,Fall,Ethnic
52504,Women,Sarees,Summer,Ethnic
52505,Women,Sarees,Fall,Casual
52506,Women,Kurta Sets,Fall,Ethnic
52507,Women,Dresses,Summer,Ethnic
52508,Women,Night suits,Summer,Ethnic
52509,Women,Dresses,Summer,Formal
52510,Women,Nightdress,Summer,Ethnic
52511,Women,Dresses,Summer,Ethnic
52512,Women,Kurtas,Fall,Ethnic
52513,Women,Nightdress,Summer,Ethnic
52514,Women,Bra,Winter,Casual
52515,Women,Bra,Winter,Casual
52516,Women,Bra,Winter,Casual
52517,Women,Nightdress,Summer,Casual
52518,Women,Nightdress,Summer,Ethnic
52519,Women,Nightdress,Summer,Casual
52520,Men,Shorts,Summer,Casual
52522,Women,Jeans,Summer,Casual
52523,Women,Jeans,Summer,Casual
52524,Women,Jeans,Summer,Casual
52525,Women,Trousers,Summer,Formal
52528,Women,Trousers,Summer,Casual
52529,Men,Shorts,Summer,Sports
52536,Women,Jeans,Summer,Casual
52539,Men,Jeans,Summer,Casual
52547,Men,Jeans,Summer,Casual
52548,Men,Jeans,Fall,Sports
52553,Men,Jeans,Fall,Casual
52554,Women,Jeans,Summer,Casual
52555,Women,Jeans,Fall,Casual
52556,Women,Jeans,Summer,Casual
52557,Women,Jeans,Summer,Casual
52558,Women,Clutches,Summer,Casual
52559,Women,Wallets,Winter,Casual
52560,Women,Clutches,Summer,Casual
52561,Women,Clutches,Summer,Casual
52563,Women,Clutches,Winter,Casual
52564,Women,Clutches,Summer,Casual
52565,Unisex,Clutches,Summer,Casual
52568,Women,Clutches,Summer,Casual
52569,Women,Clutches,Winter,Casual
52570,Women,Clutches,Winter,Casual
52574,Women,Clutches,Winter,Casual
52575,Women,Clutches,Summer,Casual
52576,Women,Clutches,Summer,Casual
52577,Women,Duffel Bag,Summer,Casual
52579,Women,Clutches,Summer,Casual
52581,Women,Clutches,Summer,Casual
52582,Unisex,Backpacks,Summer,Casual
52585,Women,Clutches,Summer,Travel
52586,Women,Clutches,Summer,Casual
52588,Women,Wallets,Winter,Casual
52589,Women,Clutches,Summer,Casual
52593,Women,Mobile Pouch,Summer,Casual
52594,Women,Wallets,Summer,Casual
52599,Women,Clutches,Summer,Casual
52602,Women,Wallets,Summer,Casual
52603,Women,Wallets,Winter,Casual
52604,Women,Clutches,Winter,Casual
52609,Women,Handbags,Summer,Casual
52616,Women,Handbags,Summer,Casual
52618,Women,Handbags,Summer,Casual
52622,Women,Handbags,Summer,Casual
52623,Women,Handbags,Winter,Casual
52626,Women,Handbags,Winter,Casual
52632,Unisex,Handbags,Summer,Casual
52633,Women,Bra,Summer,Casual
52634,Women,Handbags,Winter,Casual
52635,Women,Handbags,Summer,Casual
52636,Women,Duffel Bag,Winter,Casual
52637,Women,Handbags,Summer,Casual
52638,Women,Handbags,Summer,Casual
52639,Women,Duffel Bag,Summer,Casual
52641,Women,Handbags,Summer,Casual
52642,Women,Handbags,Summer,Casual
52643,Women,Handbags,Summer,Casual
52647,Women,Handbags,Winter,Casual
52648,Unisex,Handbags,Summer,Casual
52649,Women,Handbags,Summer,Casual
52650,Women,Handbags,Summer,Ethnic
52651,Women,Handbags,Summer,Casual
52652,Unisex,Handbags,Summer,Casual
52653,Unisex,Duffel Bag,Summer,Casual
52654,Women,Duffel Bag,Summer,Casual
52655,Women,Handbags,Summer,Casual
52656,Women,Handbags,Summer,Casual
52657,Women,Handbags,Winter,Casual
52658,Women,Handbags,Summer,Casual
52659,Women,Handbags,Summer,Sports
52660,Women,Handbags,Summer,Casual
52661,Women,Handbags,Summer,Casual
52665,Men,Watches,Winter,Casual
52670,Men,Watches,Winter,Casual
52671,Men,Watches,Winter,Casual
52673,Men,Watches,Winter,Casual
52675,Men,Watches,Winter,Casual
52676,Men,Watches,Winter,Casual
52677,Men,Watches,Winter,Casual
52678,Men,Watches,Winter,Casual
52679,Men,Watches,Winter,Casual
52680,Men,Watches,Winter,Casual
52681,Men,Watches,Winter,Casual
52682,Men,Watches,Winter,Casual
52683,Men,Watches,Winter,Casual
52684,Men,Watches,Winter,Casual
52686,Men,Watches,Winter,Casual
52687,Men,Watches,Winter,Casual
52688,Men,Watches,Winter,Casual
52690,Women,Watches,Winter,Casual
52691,Women,Watches,Winter,Casual
52692,Girls,Watches,Winter,Casual
52693,Men,Watches,Winter,Casual
52694,Men,Watches,Winter,Casual
52695,Men,Watches,Winter,Casual
52749,Men,Deodorant,Spring,Casual
52751,Women,Deodorant,Spring,Casual
52754,Women,Laptop Bag,Summer,Casual
52756,Women,Handbags,Winter,Casual
52758,Women,Duffel Bag,Winter,Casual
52759,Women,Handbags,Summer,Casual
52766,Women,Handbags,Summer,Casual
52767,Women,Handbags,Summer,Casual
52768,Women,Handbags,Summer,Casual
52772,Women,Wallets,Summer,Casual
52773,Women,Wallets,Summer,Casual
52774,Women,Clutches,Summer,Casual
52775,Women,Clutches,Summer,Casual
52776,Women,Wallets,Summer,Casual
52777,Women,Clutches,Summer,Casual
52778,Women,Wallets,Summer,Casual
52779,Women,Wallets,Summer,Casual
52780,Unisex,Wallets,Summer,Casual
52781,Unisex,Wallets,Summer,Casual
52782,Women,Wallets,Summer,Casual
52784,Women,Clutches,Summer,Casual
52785,Unisex,Wallets,Summer,Casual
52786,Women,Wallets,Summer,Casual
52789,Women,Wallets,Summer,Casual
52791,Unisex,Wallets,Summer,Casual
52792,Unisex,Wallets,Summer,Casual
52793,Men,Wallets,Summer,Casual
52794,Men,Wallets,Summer,Casual
52795,Men,Wallets,Summer,Casual
52796,Men,Wallets,Summer,Casual
52797,Men,Wallets,Summer,Casual
52798,Men,Wallets,Summer,Casual
52799,Men,Wallets,Summer,Casual
52800,Men,Wallets,Summer,Casual
52801,Men,Wallets,Summer,Smart Casual
52802,Men,Wallets,Winter,Casual
52803,Men,Wallets,Summer,Casual
52804,Unisex,Wallets,Summer,Casual
52805,Men,Wallets,Summer,Casual
52806,Men,Wallets,Summer,Smart Casual
52807,Men,Wallets,Summer,Casual
52808,Men,Wallets,Summer,Casual
52809,Men,Wallets,Summer,Casual
52810,Women,Wallets,Summer,Casual
52811,Men,Wallets,Summer,Casual
52812,Men,Wallets,Summer,Casual
52813,Men,Wallets,Summer,Smart Casual
52814,Men,Wallets,Summer,Smart Casual
52816,Men,Watches,Winter,Casual
52817,Women,Earrings,Winter,Ethnic
52818,Women,Earrings,Summer,Ethnic
52819,Women,Earrings,Winter,Ethnic
52820,Women,Earrings,Spring,Casual
52822,Women,Necklace and Chains,Summer,Sports
52823,Women,Earrings,Winter,Ethnic
52825,Women,Earrings,Winter,Ethnic
52827,Women,Earrings,Summer,Casual
52828,Women,Earrings,Summer,Ethnic
52831,Women,Earrings,Winter,Ethnic
52834,Women,Earrings,Winter,Ethnic
52835,Women,Earrings,Winter,Ethnic
52836,Women,Necklace and Chains,Summer,Casual
52837,Women,Earrings,Winter,Ethnic
52839,Women,Earrings,Summer,Ethnic
52840,Women,Earrings,Summer,Ethnic
52841,Women,Earrings,Winter,Ethnic
52842,Women,Earrings,Summer,Ethnic
52846,Women,Earrings,Summer,Ethnic
52847,Women,Earrings,Spring,Ethnic
52848,Women,Earrings,Winter,Casual
52850,Women,Caps,Winter,Casual
52851,Women,Earrings,Winter,Ethnic
52852,Women,Earrings,Winter,Casual
52854,Women,Earrings,Summer,Ethnic
52855,Unisex,Earrings,Winter,Casual
52859,Girls,Earrings,Winter,Ethnic
52860,Women,Earrings,Winter,Ethnic
52862,Women,Earrings,Winter,Ethnic
52863,Boys,Earrings,Winter,Ethnic
52864,Women,Earrings,Winter,Ethnic
52868,Women,Earrings,Summer,Ethnic
52869,Men,Necklace and Chains,Summer,Ethnic
52871,Men,Fragrance Gift Set,Spring,Sports
52874,Women,Sarees,Summer,Ethnic
52875,Women,Sarees,Summer,Ethnic
52876,Women,Sarees,Fall,Ethnic
52877,Women,Sarees,Fall,Ethnic
52878,Women,Sarees,Summer,Ethnic
52879,Women,Sarees,Summer,Ethnic
52880,Men,Sarees,Summer,Ethnic
52881,Women,Sarees,Fall,Ethnic
52882,Women,Sarees,Summer,Ethnic
52883,Men,Sarees,Summer,Ethnic
52884,Women,Sarees,Fall,Ethnic
52885,Men,Sarees,Fall,Ethnic
52886,Women,Sarees,Summer,Ethnic
52887,Women,Sarees,Fall,Ethnic
52888,Women,Sarees,Fall,Ethnic
52889,Women,Sarees,Fall,Ethnic
52890,Women,Sarees,Fall,Ethnic
52891,Women,Sarees,Fall,Ethnic
52892,Women,Sarees,Fall,Ethnic
52893,Women,Sarees,Fall,Ethnic
52894,Men,Sarees,Fall,Ethnic
52895,Men,Sarees,Fall,Ethnic
52896,Women,Sarees,Fall,Ethnic
52897,Women,Sarees,Summer,Ethnic
52898,Girls,Sarees,Summer,Ethnic
52899,Women,Sarees,Summer,Ethnic
52901,Women,Sarees,Summer,Ethnic
52902,Women,Sarees,Summer,Ethnic
52903,Women,Sarees,Fall,Ethnic
52904,Women,Sarees,Fall,Ethnic
52905,Women,Sarees,Summer,Ethnic
52906,Women,Sarees,Fall,Ethnic
52907,Women,Sarees,Summer,Ethnic
52908,Women,Sarees,Fall,Ethnic
52909,Men,Free Gifts,Fall,Ethnic
52910,Women,Sarees,Fall,Ethnic
52911,Men,Sarees,Summer,Ethnic
52912,Women,Sarees,Fall,Ethnic
52913,Women,Sarees,Summer,Ethnic
52914,Women,Sarees,Summer,Ethnic
52915,Women,Sarees,Summer,Ethnic
52916,Women,Sarees,Fall,Ethnic
52917,Men,Sarees,Fall,Ethnic
52918,Women,Sarees,Fall,Ethnic
52919,Women,Sarees,Summer,Ethnic
52920,Women,Sarees,Summer,Ethnic
52921,Women,Sarees,Summer,Ethnic
52922,Women,Sarees,Summer,Ethnic
52923,Girls,Sarees,Summer,Ethnic
52924,Women,Sarees,Summer,Ethnic
52925,Women,Sarees,Summer,Ethnic
52926,Women,Sarees,Fall,Ethnic
52927,Women,Sarees,Fall,Ethnic
52928,Women,Sarees,Summer,Ethnic
52929,Women,Sarees,Fall,Ethnic
52930,Women,Sarees,Summer,Ethnic
52931,Women,Sarees,Fall,Ethnic
52934,Women,Free Gifts,Spring,Ethnic
52935,Women,Sarees,Summer,Ethnic
52936,Women,Sarees,Fall,Ethnic
52937,Women,Sarees,Summer,Ethnic
52938,Girls,Sarees,Summer,Ethnic
52940,Women,Sarees,Fall,Ethnic
52941,Women,Sarees,Summer,Ethnic
52942,Women,Sarees,Summer,Ethnic
52943,Women,Sarees,Summer,Ethnic
52944,Men,Sarees,Fall,Ethnic
52945,Men,Sarees,Fall,Ethnic
52946,Women,Sarees,Fall,Ethnic
52947,Women,Sarees,Fall,Ethnic
52948,Men,Sarees,Summer,Ethnic
52949,Women,Sarees,Fall,Ethnic
52950,Women,Sarees,Summer,Ethnic
52951,Women,Sarees,Fall,Ethnic
52952,Women,Sarees,Summer,Ethnic
52953,Men,Sarees,Summer,Ethnic
52954,Women,Sarees,Fall,Ethnic
52955,Women,Sarees,Summer,Ethnic
52956,Men,Sarees,Fall,Ethnic
52957,Men,Sarees,Fall,Ethnic
52958,Women,Sarees,Fall,Ethnic
52959,Women,Sarees,Fall,Ethnic
52960,Women,Sarees,Fall,Ethnic
52961,Men,Sarees,Fall,Ethnic
52962,Men,Sarees,Fall,Ethnic
52963,Women,Sarees,Fall,Ethnic
52964,Men,Sarees,Fall,Ethnic
52965,Men,Sarees,Summer,Ethnic
52966,Men,Sarees,Fall,Ethnic
52967,Women,Sarees,Summer,Ethnic
52968,Men,Sarees,Fall,Ethnic
52969,Men,Sarees,Fall,Ethnic
52970,Women,Sarees,Summer,Ethnic
52971,Men,Sarees,Fall,Ethnic
52972,Women,Sarees,Summer,Ethnic
52973,Men,Sarees,Fall,Ethnic
52975,Men,Sarees,Summer,Ethnic
52976,Men,Sarees,Fall,Ethnic
52978,Women,Sarees,Fall,Ethnic
52979,Women,Sarees,Fall,Ethnic
52980,Women,Sarees,Fall,Ethnic
52981,Women,Sarees,Fall,Ethnic
52982,Men,Sarees,Fall,Ethnic
52983,Men,Sarees,Fall,Ethnic
52986,Women,Sarees,Summer,Ethnic
52987,Women,Sarees,Fall,Ethnic
52988,Women,Sarees,Summer,Ethnic
52989,Men,Sarees,Fall,Ethnic
52990,Women,Sarees,Fall,Ethnic
52991,Men,Sarees,Summer,Ethnic
52992,Men,Sarees,Fall,Ethnic
52993,Women,Sarees,Summer,Ethnic
52996,Women,Sarees,Summer,Ethnic
52998,Women,Sarees,Summer,Ethnic
52999,Men,Sarees,Fall,Ethnic
53000,Women,Sarees,Fall,Ethnic
53001,Women,Sarees,Fall,Ethnic
53002,Women,Sarees,Fall,Ethnic
53003,Women,Sarees,Fall,Ethnic
53004,Men,Sarees,Fall,Ethnic
53006,Men,Sarees,Summer,Ethnic
53007,Women,Sarees,Summer,Casual
53008,Women,Sarees,Fall,Ethnic
53009,Women,Sarees,Summer,Ethnic
53010,Women,Sarees,Fall,Ethnic
53011,Women,Sarees,Summer,Ethnic
53013,Women,Sarees,Summer,Ethnic
53014,Women,Sarees,Fall,Ethnic
53015,Women,Sarees,Fall,Ethnic
53016,Women,Sarees,Summer,Ethnic
53017,Women,Sarees,Fall,Ethnic
53019,Men,Sarees,Fall,Ethnic
53020,Women,Sarees,Summer,Ethnic
53021,Women,Sarees,Summer,Ethnic
53023,Women,Sarees,Summer,Ethnic
53024,Women,Sarees,Summer,Ethnic
53025,Women,Sarees,Summer,Ethnic
53026,Women,Sarees,Summer,Ethnic
53027,Women,Sarees,Summer,Ethnic
53029,Women,Sarees,Summer,Ethnic
53030,Women,Sarees,Summer,Ethnic
53031,Women,Sarees,Summer,Ethnic
53032,Women,Sarees,Summer,Ethnic
53033,Women,Sarees,Fall,Ethnic
53034,Women,Sarees,Summer,Ethnic
53035,Men,Sarees,Summer,Ethnic
53036,Men,Sarees,Fall,Ethnic
53037,Women,Sarees,Fall,Ethnic
53038,Women,Sarees,Summer,Ethnic
53039,Women,Sarees,Fall,Ethnic
53040,Women,Sarees,Summer,Ethnic
53041,Women,Sarees,Fall,Ethnic
53042,Women,Sarees,Fall,Ethnic
53043,Women,Sarees,Summer,Ethnic
53044,Women,Sarees,Summer,Ethnic
53045,Women,Sarees,Summer,Ethnic
53046,Women,Sarees,Fall,Ethnic
53047,Women,Sarees,Fall,Ethnic
53048,Women,Kurta Sets,Summer,Ethnic
53049,Women,Sarees,Summer,Ethnic
53050,Women,Sarees,Summer,Ethnic
53051,Women,Sarees,Fall,Ethnic
53052,Women,Sarees,Fall,Ethnic
53053,Women,Sarees,Fall,Ethnic
53054,Women,Sarees,Fall,Ethnic
53055,Men,Sarees,Fall,Ethnic
53056,Women,Sarees,Summer,Ethnic
53057,Women,Sarees,Summer,Ethnic
53058,Women,Handbags,Summer,Casual
53059,Women,Wallets,Summer,Casual
53060,Women,Handbags,Summer,Casual
53061,Women,Handbags,Summer,Casual
53062,Women,Handbags,Summer,Casual
53063,Women,Handbags,Winter,Casual
53064,Women,Handbags,Summer,Casual
53065,Women,Handbags,Summer,Casual
53066,Women,Handbags,Winter,Casual
53067,Women,Handbags,Winter,Casual
53068,Women,Handbags,Summer,Casual
53069,Women,Handbags,Summer,Casual
53070,Women,Handbags,Summer,Casual
53071,Women,Clutches,Winter,Casual
53072,Women,Clutches,Summer,Casual
53073,Women,Clutches,Winter,Casual
53075,Women,Handbags,Winter,Casual
53076,Women,Handbags,Winter,Casual
53077,Women,Clutches,Summer,Casual
53078,Women,Clutches,Summer,Casual
53079,Women,Clutches,Summer,Casual
53080,Women,Clutches,Summer,Casual
53081,Women,Clutches,Winter,Casual
53082,Women,Clutches,Summer,Casual
53083,Women,Pendant,Fall,Casual
53084,Women,Mobile Pouch,Spring,Casual
53085,Women,Jewellery Set,Summer,Casual
53086,Women,Jewellery Set,Summer,Casual
53087,Women,Jewellery Set,Summer,Casual
53088,Women,Ties,Summer,Formal
53089,Women,Necklace and Chains,Summer,Casual
53090,Women,Pendant,Summer,Casual
53091,Women,Necklace and Chains,Summer,Casual
53092,Women,Necklace and Chains,Summer,Casual
53093,Women,Necklace and Chains,Fall,Casual
53094,Women,Earrings,Summer,Ethnic
53095,Women,Earrings,Summer,Ethnic
53096,Women,Earrings,Winter,Ethnic
53097,Men,Earrings,Summer,Casual
53098,Women,Earrings,Summer,Ethnic
53099,Women,Earrings,Summer,Casual
53100,Boys,Earrings,Summer,Sports
53101,Women,Earrings,Summer,Casual
53102,Women,Earrings,Summer,Casual
53103,Women,Earrings,Summer,Casual
53104,Women,Earrings,Winter,Casual
53105,Girls,Earrings,Summer,Casual
53106,Women,Earrings,Winter,Casual
53107,Women,Earrings,Summer,Casual
53108,Women,Earrings,Summer,Casual
53109,Women,Earrings,Summer,Casual
53110,Women,Earrings,Summer,Casual
53111,Men,Tshirts,Summer,Casual
53112,Men,Tshirts,Summer,Casual
53113,Men,Tshirts,Fall,Casual
53114,Women,Tshirts,Summer,Casual
53115,Men,Tshirts,Summer,Casual
53116,Men,Tshirts,Summer,Casual
53117,Women,Tops,Summer,Casual
53118,Women,Tshirts,Summer,Casual
53119,Women,Tshirts,Summer,Casual
53120,Women,Tshirts,Summer,Casual
53121,Women,Tops,Summer,Casual
53122,Women,Tshirts,Summer,Casual
53123,Women,Jackets,Summer,Casual
53124,Women,Tops,Summer,Casual
53125,Women,Tshirts,Summer,Casual
53126,Women,Tshirts,Summer,Casual
53127,Women,Flats,Winter,Casual
53128,Women,Heels,Winter,Sports
53129,Women,Heels,Winter,Casual
53130,Women,Flats,Winter,Casual
53131,Women,Flats,Winter,Casual
53132,Women,Flats,Winter,Casual
53133,Women,Heels,Winter,Casual
53134,Women,Flats,Winter,Casual
53135,Women,Heels,Winter,Casual
53136,Women,Heels,Winter,Casual
53137,Women,Flats,Winter,Casual
53138,Women,Heels,Winter,Casual
53139,Women,Heels,Winter,Casual
53140,Women,Heels,Winter,Casual
53141,Women,Flats,Winter,Casual
53142,Women,Heels,Winter,Casual
53143,Women,Heels,Winter,Casual
53144,Women,Heels,Winter,Casual
53145,Women,Flats,Winter,Casual
53146,Women,Flats,Winter,Casual
53147,Women,Heels,Winter,Casual
53148,Women,Heels,Winter,Casual
53149,Women,Heels,Spring,Casual
53150,Women,Heels,Winter,Casual
53152,Men,Innerwear Vests,Summer,Casual
53159,Men,Shirts,Summer,Formal
53211,Men,Shirts,Summer,Formal
53215,Men,Shirts,Summer,Casual
53226,Men,Shirts,Summer,Formal
53228,Men,Trousers,Summer,Formal
53248,Men,Trousers,Summer,Sports
53252,Men,Jeans,Summer,Casual
53264,Men,Innerwear Vests,Summer,Sports
53269,Men,Tshirts,Summer,Casual
53278,Men,Tshirts,Spring,Casual
53282,Men,Tshirts,Summer,Casual
53286,Men,Jeans,Summer,Casual
53287,Men,Jeans,Summer,Casual
53296,Men,Jeans,Summer,Casual
53303,Men,Tshirts,Summer,Casual
53307,Men,Tshirts,Summer,Casual
53312,Men,Tshirts,Summer,Casual
53313,Men,Tshirts,Summer,Casual
53314,Men,Tshirts,Summer,Casual
53318,Men,Tshirts,Summer,Casual
53319,Men,Tshirts,Summer,Casual
53328,Men,Boxers,Summer,Casual
53329,Men,Boxers,Summer,Casual
53332,Men,Boxers,Summer,Casual
53338,Men,Boxers,Summer,Casual
53345,Men,Boxers,Summer,Casual
53348,Men,Boxers,Summer,Casual
53357,Women,Wristbands,Summer,Casual
53358,Women,Belts,Summer,Formal
53360,Women,Handbags,Summer,Casual
53361,Unisex,Backpacks,Summer,Sports
53362,Unisex,Backpacks,Spring,Casual
53363,Unisex,Duffel Bag,Winter,Casual
53364,Unisex,Backpacks,Summer,Casual
53365,Unisex,Backpacks,Summer,Sports
53366,Unisex,Backpacks,Spring,Casual
53367,Unisex,Backpacks,Spring,Casual
53368,Unisex,Backpacks,Summer,Sports
53369,Women,Handbags,Summer,Casual
53370,Women,Handbags,Summer,Sports
53371,Unisex,Backpacks,Summer,Casual
53372,Unisex,Backpacks,Summer,Casual
53373,Unisex,Backpacks,Summer,Sports
53374,Women,Wallets,Summer,Casual
53376,Women,Clutches,Spring,Casual
53377,Women,Messenger Bag,Summer,Casual
53378,Women,Flip Flops,Fall,Casual
53379,Men,Sandals,Summer,Casual
53380,Men,Sandals,Summer,Sports
53381,Men,Sandals,Fall,Casual
53382,Women,Sports Sandals,Fall,Casual
53383,Women,Sports Sandals,Summer,Casual
53384,Men,Casual Shoes,Summer,Casual
53386,Men,Casual Shoes,Summer,Casual
53387,Men,Casual Shoes,Fall,Casual
53388,Women,Kurtas,Summer,Ethnic
53389,Women,Kurtas,Summer,Ethnic
53390,Women,Kurtas,Fall,Ethnic
53391,Women,Kurtas,Summer,Ethnic
53392,Women,Tunics,Summer,Casual
53393,Women,Kurtis,Summer,Ethnic
53394,Women,Kurtas,Summer,Ethnic
53395,Men,Kurtas,Summer,Ethnic
53396,Women,Kurtas,Summer,Ethnic
53397,Men,Tunics,Summer,Ethnic
53398,Women,Kurtas,Summer,Ethnic
53399,Women,Kurtas,Summer,Ethnic
53401,Women,Tunics,Summer,Ethnic
53402,Women,Tunics,Summer,Ethnic
53403,Men,Kurtas,Summer,Ethnic
53404,Men,Kurtas,Summer,Ethnic
53405,Women,Kurtas,Summer,Ethnic
53406,Women,Kurtas,Summer,Ethnic
53408,Men,Kurtas,Summer,Ethnic
53409,Women,Kurtas,Summer,Ethnic
53410,Women,Kurtas,Summer,Ethnic
53411,Women,Kurtas,Summer,Ethnic
53412,Women,Kurtis,Summer,Ethnic
53413,Men,Tunics,Summer,Ethnic
53414,Women,Kurtas,Summer,Ethnic
53415,Men,Kurtas,Summer,Ethnic
53416,Women,Kurtas,Summer,Ethnic
53417,Men,Kurtas,Summer,Ethnic
53418,Women,Kurtas,Summer,Ethnic
53419,Women,Tunics,Summer,Ethnic
53420,Men,Kurtas,Summer,Ethnic
53421,Men,Kurtas,Summer,Ethnic
53422,Women,Kurtas,Summer,Ethnic
53423,Women,Kurtas,Summer,Ethnic
53424,Women,Kurtas,Summer,Ethnic
53425,Women,Kurtas,Summer,Ethnic
53426,Men,Kurtas,Summer,Ethnic
53427,Women,Kurtas,Summer,Ethnic
53428,Women,Kurtas,Summer,Ethnic
53429,Women,Kurtas,Summer,Ethnic
53430,Women,Kurtas,Summer,Ethnic
53431,Women,Kurtas,Summer,Ethnic
53432,Men,Tshirts,Summer,Casual
53433,Men,Tshirts,Summer,Casual
53434,Men,Tshirts,Summer,Sports
53435,Men,Jackets,Summer,Casual
53436,Men,Sports Shoes,Fall,Sports
53437,Men,Casual Shoes,Fall,Sports
53438,Men,Casual Shoes,Summer,Sports
53439,Unisex,Flip Flops,Summer,Casual
53440,Men,Sports Shoes,Summer,Sports
53441,Men,Sports Shoes,Fall,Sports
53442,Women,Flats,Summer,Casual
53444,Men,Sandals,Summer,Casual
53445,Women,Flats,Summer,Casual
53446,Men,Flip Flops,Fall,Casual
53447,Women,Flip Flops,Winter,Casual
53448,Women,Flip Flops,Winter,Casual
53449,Women,Flip Flops,Fall,Casual
53450,Women,Flip Flops,Summer,Casual
53452,Women,Flats,Winter,Casual
53453,Women,Flats,Winter,Casual
53454,Women,Heels,Winter,Casual
53455,Women,Flats,Summer,Casual
53456,Women,Flats,Winter,Casual
53457,Women,Heels,Winter,Casual
53458,Women,Heels,Winter,Casual
53459,Women,Heels,Winter,Casual
53460,Women,Heels,Winter,Casual
53461,Women,Bra,Summer,Casual
53462,Women,Bra,Summer,Casual
53463,Women,Bra,Summer,Casual
53464,Women,Bra,Winter,Casual
53465,Women,Bra,Summer,Casual
53466,Women,Bra,Summer,Casual
53467,Women,Bra,Summer,Casual
53468,Women,Bra,Summer,Casual
53469,Women,Briefs,Summer,Casual
53470,Women,Bra,Winter,Casual
53473,Women,Bra,Summer,Casual
53474,Women,Bra,Winter,Casual
53475,Women,Bra,Summer,Casual
53476,Women,Bra,Winter,Casual
53477,Women,Bra,Winter,Casual
53478,Women,Bra,Winter,Casual
53479,Women,Bra,Summer,Casual
53480,Women,Bra,Summer,Casual
53484,Men,Tshirts,Summer,Casual
53485,Men,Casual Shoes,Summer,Casual
53486,Women,Bra,Summer,Casual
53487,Men,Tshirts,Summer,Casual
53488,Men,Tshirts,Summer,Casual
53489,Men,Briefs,Summer,Casual
53490,Women,Bra,Winter,Casual
53491,Women,Bra,Summer,Casual
53492,Women,Bra,Summer,Casual
53493,Women,Bra,Fall,Casual
53498,Unisex,Briefs,Summer,Casual
53506,Women,Bra,Summer,Casual
53507,Women,Bra,Summer,Casual
53508,Women,Bra,Summer,Casual
53520,Women,Briefs,Summer,Casual
53525,Women,Bra,Summer,Casual
53526,Women,Briefs,Summer,Casual
53527,Women,Briefs,Summer,Casual
53528,Women,Briefs,Summer,Casual
53529,Women,Briefs,Summer,Casual
53530,Women,Briefs,Summer,Casual
53531,Women,Briefs,Summer,Casual
53532,Women,Briefs,Fall,Casual
53533,Women,Briefs,Summer,Casual
53534,Women,Briefs,Summer,Casual
53535,Women,Briefs,Summer,Casual
53536,Women,Briefs,Summer,Casual
53537,Women,Briefs,Summer,Casual
53538,Men,Briefs,Summer,Casual
53539,Women,Briefs,Summer,Casual
53540,Men,Briefs,Winter,Casual
53541,Men,Briefs,Summer,Casual
53542,Women,Briefs,Fall,Casual
53543,Women,Briefs,Summer,Casual
53545,Women,Briefs,Summer,Casual
53546,Women,Briefs,Summer,Casual
53547,Women,Briefs,Summer,Casual
53548,Women,Briefs,Summer,Casual
53554,Men,Boxers,Summer,Casual
53555,Men,Boxers,Summer,Casual
53556,Men,Boxers,Summer,Casual
53557,Men,Boxers,Summer,Casual
53558,Men,Boxers,Summer,Casual
53559,Men,Boxers,Summer,Casual
53560,Men,Watches,Winter,Casual
53561,Women,Watches,Winter,Sports
53562,Unisex,Watches,Winter,Casual
53563,Men,Watches,Winter,Casual
53564,Men,Watches,Winter,Casual
53565,Unisex,Watches,Winter,Casual
53566,Unisex,Watches,Winter,Casual
53567,Unisex,Watches,Winter,Casual
53568,Girls,Watches,Winter,Casual
53569,Girls,Watches,Winter,Casual
53570,Women,Watches,Winter,Casual
53571,Unisex,Watches,Winter,Casual
53572,Women,Watches,Winter,Casual
53573,Unisex,Watches,Winter,Casual
53574,Unisex,Watches,Winter,Casual
53575,Girls,Watches,Winter,Casual
53576,Unisex,Watches,Winter,Casual
53577,Girls,Watches,Winter,Casual
53578,Girls,Watches,Winter,Casual
53579,Men,Watches,Winter,Formal
53580,Unisex,Watches,Winter,Formal
53581,Men,Watches,Winter,Formal
53582,Men,Watches,Winter,Casual
53583,Men,Free Gifts,Winter,Casual
53584,Men,Watches,Winter,Casual
53585,Men,Watches,Winter,Casual
53586,Men,Watches,Winter,Casual
53587,Men,Watches,Winter,Casual
53588,Men,Watches,Winter,Casual
53589,Men,Watches,Winter,Casual
53590,Men,Watches,Winter,Casual
53591,Men,Watches,Winter,Casual
53592,Women,Watches,Winter,Casual
53593,Unisex,Watches,Winter,Casual
53594,Unisex,Watches,Winter,Casual
53595,Unisex,Watches,Winter,Casual
53596,Unisex,Watches,Winter,Casual
53597,Men,Watches,Winter,Casual
53598,Men,Watches,Winter,Casual
53599,Men,Watches,Winter,Casual
53600,Men,Watches,Winter,Casual
53601,Unisex,Watches,Winter,Casual
53602,Unisex,Watches,Winter,Sports
53603,Unisex,Watches,Winter,Casual
53604,Men,Watches,Winter,Casual
53605,Unisex,Watches,Winter,Sports
53606,Unisex,Watches,Winter,Smart Casual
53608,Men,Watches,Winter,Sports
53609,Unisex,Watches,Winter,Casual
53611,Unisex,Watches,Winter,Casual
53612,Unisex,Watches,Winter,Casual
53613,Unisex,Watches,Winter,Casual
53614,Unisex,Watches,Winter,Sports
53615,Unisex,Watches,Winter,Sports
53616,Unisex,Watches,Winter,Casual
53617,Unisex,Watches,Winter,Casual
53618,Unisex,Watches,Winter,Formal
53619,Unisex,Watches,Winter,Casual
53620,Unisex,Watches,Winter,Casual
53621,Unisex,Watches,Winter,Casual
53622,Men,Watches,Winter,Casual
53623,Men,Watches,Winter,Casual
53624,Women,Watches,Winter,Casual
53625,Men,Watches,Winter,Casual
53626,Men,Watches,Winter,Casual
53627,Men,Watches,Winter,Casual
53628,Men,Watches,Winter,Casual
53629,Unisex,Watches,Winter,Casual
53630,Women,Bra,Summer,Casual
53631,Women,Bra,Summer,Casual
53632,Men,Sandals,Fall,Casual
53633,Men,Casual Shoes,Summer,Casual
53634,Men,Casual Shoes,Summer,Sports
53635,Men,Casual Shoes,Fall,Casual
53636,Men,Sports Shoes,Summer,Sports
53637,Men,Sports Shoes,Summer,Sports
53638,Men,Casual Shoes,Summer,Sports
53639,Men,Casual Shoes,Fall,Sports
53640,Men,Casual Shoes,Summer,Sports
53648,Women,Handbags,Summer,Casual
53649,Women,Handbags,Summer,Casual
53651,Women,Handbags,Summer,Casual
53652,Women,Handbags,Winter,Casual
53653,Women,Handbags,Summer,Casual
53654,Unisex,Handbags,Winter,Casual
53655,Women,Handbags,Summer,Casual
53656,Women,Handbags,Summer,Casual
53657,Women,Handbags,Summer,Casual
53659,Women,Handbags,Summer,Casual
53660,Women,Handbags,Summer,Casual
53661,Women,Handbags,Summer,Casual
53663,Women,Handbags,Summer,Casual
53665,Women,Handbags,Summer,Casual
53666,Women,Handbags,Summer,Casual
53667,Women,Handbags,Summer,Casual
53668,Women,Handbags,Summer,Casual
53669,Women,Handbags,Summer,Casual
53670,Women,Handbags,Summer,Casual
53671,Women,Handbags,Summer,Casual
53672,Women,Handbags,Summer,Casual
53673,Women,Handbags,Summer,Casual
53674,Women,Handbags,Summer,Casual
53675,Women,Handbags,Summer,Casual
53676,Women,Handbags,Summer,Casual
53677,Women,Handbags,Summer,Casual
53678,Women,Handbags,Summer,Casual
53679,Women,Handbags,Summer,Casual
53680,Women,Laptop Bag,Summer,Casual
53681,Women,Handbags,Summer,Casual
53682,Women,Handbags,Summer,Casual
53683,Women,Handbags,Summer,Casual
53684,Women,Handbags,Summer,Casual
53685,Women,Handbags,Summer,Casual
53686,Women,Handbags,Summer,Casual
53687,Women,Handbags,Summer,Casual
53688,Women,Handbags,Summer,Casual
53689,Women,Handbags,Summer,Casual
53692,Women,Handbags,Summer,Casual
53695,Women,Handbags,Summer,Casual
53696,Women,Handbags,Summer,Casual
53698,Women,Handbags,Summer,Casual
53702,Women,Handbags,Summer,Casual
53706,Women,Handbags,Summer,Casual
53708,Women,Handbags,Summer,Casual
53710,Women,Handbags,Summer,Casual
53715,Women,Handbags,Summer,Casual
53719,Women,Handbags,Summer,Casual
53720,Women,Handbags,Summer,Casual
53723,Women,Flip Flops,Winter,Casual
53724,Women,Flip Flops,Summer,Casual
53725,Women,Flip Flops,Winter,Casual
53726,Women,Flats,Summer,Casual
53727,Women,Flats,Summer,Casual
53729,Women,Flats,Winter,Casual
53731,Men,Casual Shoes,Fall,Sports
53732,Men,Casual Shoes,Summer,Sports
53734,Men,Casual Shoes,Spring,Casual
53735,Men,Casual Shoes,Summer,Casual
53737,Men,Shorts,Winter,Casual
53738,Men,Lounge Pants,Summer,Sports
53740,Men,Track Pants,Summer,Sports
53741,Men,Lounge Pants,Summer,Sports
53742,Men,Capris,Summer,Sports
53743,Men,Track Pants,Summer,Sports
53744,Men,Capris,Summer,Sports
53745,Men,Shorts,Summer,Sports
53747,Men,Trousers,Summer,Sports
53748,Women,Jeans,Summer,Sports
53749,Men,Lounge Pants,Summer,Sports
53750,Men,Track Pants,Summer,Sports
53751,Men,Track Pants,Summer,Sports
53752,Men,Shorts,Winter,Sports
53753,Men,Shorts,Summer,Sports
53754,Men,Jackets,Summer,Casual
53755,Men,Shorts,Summer,Sports
53756,Unisex,Accessories,Summer,Casual
53757,Women,Sports Shoes,Fall,Sports
53759,Men,Tshirts,Summer,Casual
53760,Men,Tshirts,Summer,Casual
53761,Men,Tshirts,Summer,Casual
53762,Men,Tshirts,Summer,Casual
53763,Men,Tshirts,Summer,Casual
53764,Men,Tshirts,Summer,Casual
53765,Men,Tshirts,Summer,Casual
53766,Men,Tshirts,Summer,Casual
53767,Men,Tshirts,Summer,Casual
53768,Men,Tshirts,Summer,Casual
53770,Men,Tshirts,Summer,Casual
53771,Men,Tshirts,Summer,Casual
53772,Men,Innerwear Vests,Summer,Casual
53773,Men,Tshirts,Summer,Casual
53774,Men,Tshirts,Summer,Casual
53775,Men,Tshirts,Summer,Casual
53776,Men,Shorts,Summer,Casual
53777,Men,Sports Shoes,Summer,Sports
53778,Women,Tops,Summer,Casual
53779,Women,Tshirts,Summer,Casual
53780,Men,Innerwear Vests,Summer,Casual
53781,Men,Tshirts,Fall,Sports
53782,Men,Innerwear Vests,Summer,Casual
53783,Men,Shirts,Summer,Casual
53784,Men,Shirts,Summer,Casual
53785,Men,Shirts,Summer,Sports
53786,Men,Tshirts,Summer,Casual
53787,Men,Tshirts,Summer,Casual
53788,Men,Tshirts,Summer,Casual
53791,Men,Tshirts,Summer,Casual
53793,Men,Tshirts,Summer,Casual
53794,Men,Tshirts,Summer,Casual
53795,Men,Tshirts,Summer,Casual
53796,Men,Tshirts,Summer,Casual
53797,Men,Tshirts,Summer,Sports
53798,Men,Tshirts,Summer,Casual
53799,Men,Tshirts,Summer,Casual
53800,Men,Tshirts,Summer,Sports
53801,Men,Tshirts,Summer,Sports
53802,Men,Tshirts,Summer,Sports
53803,Men,Tshirts,Summer,Casual
53804,Men,Tshirts,Summer,Casual
53805,Men,Socks,Summer,Sports
53806,Men,Socks,Summer,Sports
53807,Men,Shorts,Fall,Sports
53808,Women,Dupatta,Summer,Ethnic
53809,Women,Tunics,Summer,Casual
53810,Women,Kurtas,Summer,Ethnic
53811,Women,Kurtas,Summer,Casual
53812,Women,Dress,Summer,Ethnic
53813,Women,Kurtis,Summer,Ethnic
53814,Women,Kurta Sets,Fall,Ethnic
53815,Women,Kurtas,Summer,Ethnic
53816,Women,Tunics,Summer,Ethnic
53817,Women,Dress,Summer,Ethnic
53818,Women,Kurtis,Summer,Ethnic
53819,Men,Tunics,Summer,Ethnic
53820,Women,Kurtis,Summer,Ethnic
53822,Women,Tops,Summer,Casual
53823,Men,Kurtas,Summer,Ethnic
53824,Women,Tunics,Summer,Ethnic
53825,Women,Dress,Summer,Ethnic
53826,Women,Kurtas,Summer,Ethnic
53829,Women,Kurtas,Summer,Ethnic
53830,Women,Kurtas,Summer,Ethnic
53832,Women,Tunics,Summer,Casual
53833,Women,Kurtas,Summer,Ethnic
53834,Women,Kurtas,Summer,Ethnic
53835,Women,Kurtas,Summer,Ethnic
53836,Women,Kurtas,Summer,Ethnic
53837,Women,Kurtas,Summer,Ethnic
53838,Women,Kurtas,Summer,Ethnic
53839,Women,Kurtas,Summer,Ethnic
53840,Women,Kurtas,Summer,Ethnic
53841,Women,Kurtas,Summer,Ethnic
53842,Women,Kurtas,Summer,Ethnic
53843,Women,Kurtas,Summer,Ethnic
53849,Women,Kurtas,Summer,Ethnic
53850,Women,Kurtas,Summer,Ethnic
53851,Women,Kurtas,Summer,Ethnic
53852,Women,Kurtas,Summer,Ethnic
53856,Women,Kurtis,Summer,Ethnic
53857,Women,Kurtas,Summer,Ethnic
53859,Women,Kurtas,Summer,Ethnic
53861,Women,Kurtas,Summer,Ethnic
53863,Women,Kurtis,Summer,Ethnic
53864,Women,Kurtas,Summer,Ethnic
53866,Women,Kurtas,Summer,Ethnic
53867,Women,Flats,Winter,Casual
53868,Women,Flats,Winter,Casual
53869,Women,Flats,Winter,Casual
53870,Women,Flats,Winter,Casual
53871,Men,Watches,Winter,Casual
53872,Women,Sports Shoes,Summer,Sports
53873,Men,Sports Shoes,Fall,Sports
53874,Men,Sports Shoes,Summer,Sports
53875,Men,Flip Flops,Summer,Casual
53876,Women,Flip Flops,Fall,Casual
53877,Women,Flip Flops,Summer,Casual
53878,Men,Flip Flops,Fall,Casual
53879,Unisex,Flip Flops,Fall,Casual
53880,Men,Flip Flops,Fall,Casual
53881,Men,Flip Flops,Summer,Casual
53882,Men,Flip Flops,Fall,Casual
53883,Men,Flip Flops,Fall,Casual
53884,Women,Bra,Summer,Casual
53886,Women,Handbags,Winter,Casual
53887,Women,Handbags,Summer,Casual
53888,Women,Handbags,Summer,Casual
53889,Women,Handbags,Summer,Casual
53890,Women,Messenger Bag,Summer,Casual
53891,Women,Handbags,Summer,Casual
53892,Unisex,Handbags,Summer,Casual
53893,Women,Handbags,Summer,Casual
53894,Women,Handbags,Summer,Casual
53895,Women,Laptop Bag,Summer,Casual
53896,Men,Handbags,Summer,Casual
53897,Women,Handbags,Summer,Casual
53900,Unisex,Handbags,Summer,Casual
53902,Women,Handbags,Winter,Casual
53905,Women,Handbags,Summer,Casual
53907,Women,Handbags,Winter,Casual
53911,Women,Handbags,Summer,Casual
53914,Women,Handbags,Summer,Casual
53918,Women,Handbags,Summer,Casual
53921,Women,Handbags,Summer,Casual
53927,Women,Handbags,Summer,Casual
53928,Women,Handbags,Summer,Casual
53930,Women,Handbags,Winter,Casual
53931,Women,Handbags,Summer,Casual
53934,Women,Handbags,Summer,Casual
53935,Women,Handbags,Summer,Casual
53941,Women,Handbags,Summer,Casual
53942,Unisex,Handbags,Winter,Casual
53943,Unisex,Handbags,Summer,Casual
53944,Women,Handbags,Summer,Casual
53946,Women,Handbags,Summer,Casual
53961,Women,Handbags,Summer,Casual
53963,Women,Handbags,Summer,Casual
53964,Women,Handbags,Winter,Casual
53979,Women,Handbags,Summer,Casual
53981,Women,Handbags,Summer,Casual
53985,Women,Handbags,Summer,Casual
53990,Women,Duffel Bag,Summer,Casual
53991,Women,Handbags,Summer,Casual
53994,Unisex,Handbags,Winter,Casual
53997,Women,Handbags,Summer,Casual
53999,Women,Handbags,Summer,Casual
54000,Women,Handbags,Summer,Casual
54002,Women,Handbags,Summer,Casual
54003,Women,Handbags,Summer,Casual
54007,Women,Handbags,Summer,Casual
54008,Women,Handbags,Summer,Casual
54009,Women,Handbags,Summer,Casual
54014,Women,Messenger Bag,Summer,Casual
54016,Women,Wallets,Summer,Casual
54017,Women,Handbags,Summer,Casual
54018,Women,Wallets,Summer,Casual
54019,Women,Wallets,Summer,Casual
54020,Women,Handbags,Summer,Casual
54031,Women,Wallets,Summer,Casual
54032,Women,Clutches,Summer,Casual
54033,Women,Handbags,Summer,Casual
54035,Women,Handbags,Summer,Casual
54036,Women,Handbags,Summer,Casual
54040,Women,Handbags,Summer,Casual
54041,Women,Handbags,Summer,Casual
54049,Women,Leggings,Summer,Casual
54050,Women,Jeans,Summer,Casual
54051,Women,Jeans,Summer,Casual
54052,Women,Leggings,Summer,Ethnic
54053,Women,Churidar,Summer,Ethnic
54054,Women,Bottomwear,Summer,Sports
54055,Women,Leggings,Summer,Ethnic
54056,Women,Leggings,Summer,Sports
54057,Women,Leggings,Summer,Ethnic
54058,Men,Leggings,Summer,Casual
54059,Women,Leggings,Spring,Formal
54060,Women,Trousers,Summer,Ethnic
54061,Men,Deodorant,Spring,Casual
54062,Men,Deodorant,Spring,Casual
54063,Men,Deodorant,Spring,Casual
54064,Men,Deodorant,Spring,Casual
54065,Men,Casual Shoes,Summer,Sports
54066,Men,Casual Shoes,Fall,Casual
54068,Men,Casual Shoes,Summer,Sports
54069,Men,Sandals,Summer,Casual
54070,Men,Sports Shoes,Summer,Sports
54071,Men,Sports Shoes,Fall,Sports
54072,Men,Sports Shoes,Fall,Sports
54073,Men,Sports Shoes,Summer,Sports
54076,Men,Casual Shoes,Summer,Casual
54077,Women,Flats,Summer,Casual
54078,Men,Casual Shoes,Summer,Sports
54079,Women,Tunics,Summer,Casual
54080,Women,Kurtas,Summer,Ethnic
54081,Women,Kurtas,Summer,Ethnic
54082,Men,Kurtis,Summer,Ethnic
54083,Men,Kurtis,Summer,Ethnic
54084,Women,Tops,Summer,Casual
54086,Women,Tops,Summer,Ethnic
54087,Women,Tops,Summer,Casual
54088,Women,Tops,Summer,Casual
54089,Men,Tshirts,Summer,Casual
54090,Women,Tunics,Summer,Casual
54095,Unisex,Caps,Summer,Casual
54103,Women,Heels,Winter,Casual
54104,Women,Flats,Winter,Casual
54105,Women,Heels,Winter,Casual
54106,Women,Flats,Winter,Casual
54107,Women,Flats,Winter,Casual
54108,Women,Heels,Winter,Formal
54109,Women,Flats,Winter,Casual
54110,Women,Flats,Winter,Casual
54111,Women,Flats,Winter,Casual
54112,Women,Flats,Winter,Casual
54113,Women,Flats,Winter,Casual
54114,Women,Flats,Winter,Casual
54115,Women,Heels,Summer,Casual
54116,Women,Flats,Summer,Casual
54117,Women,Flats,Winter,Casual
54118,Women,Flats,Winter,Casual
54119,Women,Flats,Winter,Casual
54120,Women,Flats,Winter,Casual
54121,Women,Flats,Summer,Casual
54122,Women,Flats,Winter,Casual
54123,Women,Flats,Winter,Casual
54124,Women,Flats,Fall,Casual
54125,Women,Flats,Winter,Casual
54126,Women,Heels,Winter,Casual
54127,Women,Heels,Winter,Casual
54128,Women,Heels,Winter,Casual
54129,Women,Flats,Winter,Casual
54130,Women,Flats,Winter,Casual
54131,Women,Flats,Winter,Casual
54132,Women,Flats,Winter,Casual
54133,Women,Flats,Winter,Casual
54134,Women,Flats,Winter,Casual
54135,Women,Flats,Winter,Casual
54136,Women,Flats,Winter,Casual
54137,Women,Heels,Winter,Casual
54138,Women,Flats,Winter,Casual
54139,Women,Heels,Winter,Casual
54140,Women,Heels,Winter,Casual
54141,Women,Heels,Winter,Casual
54142,Women,Heels,Winter,Casual
54143,Women,Flats,Winter,Casual
54144,Women,Heels,Winter,Casual
54145,Women,Flats,Summer,Casual
54146,Women,Tops,Summer,Ethnic
54147,Women,Necklace and Chains,Fall,Ethnic
54148,Women,Necklace and Chains,Winter,Casual
54149,Women,Necklace and Chains,Winter,Casual
54150,Women,Necklace and Chains,Fall,Casual
54151,Women,Necklace and Chains,Fall,Casual
54152,Women,Necklace and Chains,Summer,Ethnic
54153,Women,Necklace and Chains,Winter,Casual
54154,Women,Necklace and Chains,Fall,Casual
54155,Women,Necklace and Chains,Fall,Ethnic
54156,Women,Necklace and Chains,Winter,Casual
54157,Women,Necklace and Chains,Winter,Casual
54158,Women,Necklace and Chains,Spring,Casual
54159,Women,Necklace and Chains,Summer,Ethnic
54160,Women,Necklace and Chains,Summer,Ethnic
54161,Women,Bracelet,Summer,Casual
54162,Women,Necklace and Chains,Winter,Ethnic
54163,Women,Necklace and Chains,Summer,Casual
54164,Women,Necklace and Chains,Winter,Sports
54165,Women,Necklace and Chains,Winter,Casual
54166,Women,Necklace and Chains,Winter,Casual
54167,Women,Jewellery Set,Winter,Ethnic
54168,Women,Necklace and Chains,Fall,Casual
54169,Women,Necklace and Chains,Summer,Casual
54170,Women,Necklace and Chains,Fall,Casual
54171,Women,Pendant,Summer,Ethnic
54172,Women,Necklace and Chains,Winter,Ethnic
54173,Women,Necklace and Chains,Fall,Casual
54174,Women,Pendant,Winter,Casual
54175,Women,Necklace and Chains,Summer,Casual
54176,Women,Pendant,Summer,Ethnic
54177,Women,Handbags,Summer,Sports
54178,Women,Handbags,Summer,Casual
54182,Women,Handbags,Summer,Casual
54183,Women,Handbags,Summer,Casual
54185,Unisex,Backpacks,Summer,Casual
54186,Men,Briefs,Summer,Casual
54187,Men,Briefs,Summer,Casual
54188,Men,Briefs,Summer,Casual
54189,Men,Briefs,Summer,Casual
54192,Men,Trousers,Fall,Formal
54194,Men,Trousers,Summer,Casual
54200,Men,Shorts,Fall,Sports
54202,Men,Shirts,Summer,Casual
54225,Men,Trousers,Spring,Formal
54226,Men,Jeans,Summer,Casual
54228,Women,Flats,Winter,Casual
54229,Women,Handbags,Summer,Casual
54252,Men,Shirts,Fall,Formal
54280,Men,Shirts,Summer,Formal
54302,Women,Bra,Summer,Casual
54303,Men,Briefs,Summer,Casual
54304,Women,Briefs,Summer,Casual
54305,Women,Bra,Summer,Casual
54306,Women,Briefs,Summer,Casual
54307,Women,Briefs,Summer,Casual
54311,Women,Briefs,Summer,Casual
54318,Women,Bra,Summer,Casual
54319,Women,Briefs,Summer,Casual
54320,Women,Briefs,Summer,Casual
54325,Women,Bra,Winter,Casual
54326,Women,Briefs,Summer,Casual
54327,Women,Bra,Summer,Casual
54328,Women,Briefs,Summer,Casual
54329,Men,Briefs,Fall,Casual
54330,Women,Briefs,Summer,Casual
54332,Women,Briefs,Summer,Casual
54334,Women,Jeans,Fall,Casual
54338,Women,Tops,Summer,Casual
54339,Men,Socks,Summer,Sports
54340,Men,Socks,Summer,Sports
54341,Men,Socks,Fall,Casual
54342,Women,Bottomwear,Summer,Sports
54343,Boys,Casual Shoes,Fall,Sports
54344,Men,Socks,Summer,Casual
54345,Women,Socks,Summer,Sports
54346,Men,Socks,Summer,Casual
54375,Men,Earrings,Winter,Casual
54380,Women,Handbags,Summer,Casual
54381,Women,Wallets,Summer,Casual
54382,Women,Handbags,Summer,Casual
54383,Women,Wallets,Summer,Casual
54384,Women,Handbags,Summer,Casual
54385,Women,Clutches,Winter,Casual
54386,Unisex,Duffel Bag,Summer,Casual
54387,Women,Handbags,Summer,Casual
54388,Women,Laptop Bag,Winter,Casual
54389,Women,Wallets,Summer,Casual
54390,Women,Wallets,Summer,Casual
54391,Women,Handbags,Summer,Casual
54392,Women,Handbags,Summer,Casual
54393,Women,Handbags,Summer,Casual
54394,Women,Handbags,Summer,Casual
54395,Women,Wallets,Summer,Casual
54396,Women,Clutches,Winter,Casual
54397,Unisex,Handbags,Summer,Casual
54398,Women,Handbags,Summer,Sports
54399,Women,Wallets,Summer,Casual
54400,Women,Wallets,Summer,Casual
54401,Women,Wallets,Summer,Casual
54402,Women,Wallets,Summer,Casual
54403,Women,Wallets,Summer,Casual
54404,Women,Wallets,Summer,Casual
54405,Women,Wallets,Summer,Casual
54406,Women,Handbags,Summer,Casual
54407,Women,Handbags,Summer,Casual
54408,Women,Handbags,Summer,Casual
54409,Unisex,Handbags,Summer,Casual
54410,Women,Clutches,Summer,Casual
54411,Women,Wallets,Winter,Casual
54412,Women,Wallets,Summer,Casual
54475,Women,Handbags,Winter,Casual
54476,Men,Accessory Gift Set,Summer,Casual
54477,Men,Briefs,Winter,Casual
54478,Men,Briefs,Winter,Casual
54479,Men,Briefs,Summer,Casual
54480,Men,Briefs,Winter,Casual
54481,Men,Briefs,Summer,Casual
54482,Men,Briefs,Winter,Casual
54483,Men,Briefs,Summer,Casual
54484,Men,Briefs,Summer,Casual
54485,Men,Briefs,Summer,Casual
54486,Men,Briefs,Summer,Casual
54487,Men,Backpacks,Summer,Casual
54488,Unisex,Backpacks,Winter,Casual
54489,Unisex,Handbags,Winter,Casual
54490,Women,Backpacks,Summer,Casual
54491,Women,Handbags,Summer,Casual
54492,Women,Handbags,Summer,Casual
54493,Women,Handbags,Summer,Casual
54494,Women,Handbags,Summer,Casual
54495,Women,Laptop Bag,Summer,Casual
54496,Women,Laptop Bag,Winter,Casual
54497,Women,Handbags,Summer,Casual
54498,Women,Handbags,Summer,Casual
54499,Women,Handbags,Summer,Casual
54500,Women,Handbags,Summer,Casual
54501,Women,Handbags,Summer,Casual
54502,Unisex,Handbags,Summer,Casual
54503,Unisex,Backpacks,Summer,Casual
54504,Women,Handbags,Summer,Casual
54505,Women,Handbags,Summer,Casual
54506,Women,Handbags,Summer,Casual
54507,Women,Handbags,Summer,Casual
54508,Women,Handbags,Summer,Casual
54509,Women,Handbags,Summer,Casual
54510,Women,Handbags,Summer,Casual
54511,Women,Handbags,Summer,Casual
54512,Women,Handbags,Summer,Casual
54513,Men,Formal Shoes,Winter,Formal
54514,Men,Casual Shoes,Fall,Sports
54515,Men,Casual Shoes,Fall,Sports
54516,Men,Sports Shoes,Summer,Sports
54517,Men,Casual Shoes,Summer,Sports
54518,Men,Sports Shoes,Summer,Sports
54519,Men,Casual Shoes,Summer,Casual
54520,Men,Casual Shoes,Summer,Sports
54521,Men,Sports Shoes,Fall,Sports
54522,Men,Casual Shoes,Summer,Sports
54523,Men,Sports Shoes,Summer,Sports
54524,Men,Sports Shoes,Fall,Sports
54525,Men,Sports Shoes,Summer,Sports
54526,Men,Sports Shoes,Fall,Sports
54527,Men,Sandals,Summer,Sports
54528,Men,Casual Shoes,Summer,Sports
54529,Men,Casual Shoes,Summer,Sports
54530,Men,Sports Shoes,Fall,Sports
54533,Men,Casual Shoes,Summer,Sports
54534,Men,Sports Shoes,Summer,Sports
54535,Men,Sports Shoes,Fall,Sports
54536,Men,Casual Shoes,Summer,Sports
54537,Men,Sports Shoes,Summer,Sports
54538,Men,Casual Shoes,Summer,Sports
54539,Men,Casual Shoes,Fall,Sports
54540,Men,Sports Shoes,Fall,Sports
54541,Men,Casual Shoes,Winter,Sports
54542,Men,Casual Shoes,Fall,Sports
54543,Men,Sports Shoes,Fall,Sports
54544,Men,Casual Shoes,Fall,Sports
54545,Unisex,Backpacks,Summer,Casual
54546,Girls,Backpacks,Winter,Casual
54547,Women,Tunics,Summer,Ethnic
54548,Men,Tunics,Summer,Ethnic
54549,Women,Kurtis,Summer,Casual
54550,Men,Kurtas,Summer,Ethnic
54551,Women,Kurtis,Summer,Ethnic
54553,Women,Kurtas,Summer,Ethnic
54554,Women,Tops,Summer,Ethnic
54555,Women,Dupatta,Summer,Ethnic
54556,Women,Dupatta,Summer,Ethnic
54557,Women,Tunics,Summer,Casual
54558,Women,Kurtis,Summer,Ethnic
54559,Men,Tunics,Summer,Ethnic
54561,Women,Kurtas,Summer,Ethnic
54562,Women,Kurtas,Summer,Ethnic
54563,Men,Kurtas,Summer,Ethnic
54564,Women,Kurtas,Summer,Ethnic
54565,Women,Kurtas,Summer,Ethnic
54566,Women,Kurtas,Summer,Ethnic
54567,Women,Kurtas,Summer,Ethnic
54568,Women,Kurtas,Summer,Ethnic
54569,Women,Kurtas,Summer,Ethnic
54570,Women,Kurtas,Summer,Ethnic
54571,Women,Dupatta,Summer,Ethnic
54572,Women,Kurtas,Summer,Ethnic
54573,Women,Kurtis,Summer,Ethnic
54574,Women,Kurtis,Summer,Ethnic
54575,Women,Kurtis,Summer,Ethnic
54576,Women,Kurtas,Summer,Ethnic
54577,Women,Kurtis,Summer,Ethnic
54578,Women,Kurtis,Summer,Ethnic
54579,Women,Kurtas,Summer,Ethnic
54580,Women,Kurtis,Summer,Ethnic
54581,Women,Kurtas,Summer,Ethnic
54582,Women,Kurtas,Summer,Ethnic
54584,Women,Kurtas,Summer,Ethnic
54585,Women,Kurtas,Fall,Ethnic
54586,Women,Kurtas,Summer,Ethnic
54587,Women,Kurtas,Summer,Ethnic
54588,Women,Kurtas,Summer,Ethnic
54589,Women,Kurtas,Summer,Ethnic
54590,Women,Tunics,Summer,Ethnic
54595,Women,Kurtas,Summer,Ethnic
54596,Women,Kurtas,Summer,Ethnic
54597,Women,Kurtas,Summer,Ethnic
54598,Women,Kurtas,Summer,Ethnic
54599,Women,Kurtas,Summer,Ethnic
54600,Men,Briefs,Summer,Casual
54601,Men,Briefs,Summer,Casual
54602,Men,Briefs,Summer,Casual
54603,Men,Briefs,Summer,Casual
54604,Men,Briefs,Summer,Casual
54605,Men,Briefs,Summer,Casual
54606,Men,Briefs,Summer,Casual
54607,Men,Briefs,Summer,Casual
54608,Men,Briefs,Summer,Casual
54609,Men,Briefs,Summer,Casual
54610,Men,Briefs,Summer,Casual
54611,Men,Briefs,Summer,Casual
54612,Men,Briefs,Fall,Casual
54613,Women,Briefs,Summer,Casual
54614,Men,Briefs,Summer,Casual
54615,Men,Briefs,Summer,Casual
54616,Men,Briefs,Summer,Casual
54617,Men,Briefs,Summer,Casual
54618,Men,Briefs,Summer,Casual
54619,Men,Watches,Winter,Casual
54620,Men,Watches,Winter,Casual
54621,Unisex,Watches,Winter,Casual
54622,Men,Watches,Winter,Casual
54623,Men,Watches,Fall,Casual
54625,Men,Watches,Winter,Casual
54626,Men,Watches,Winter,Casual
54627,Men,Watches,Winter,Casual
54628,Men,Watches,Winter,Casual
54629,Men,Watches,Winter,Casual
54630,Men,Watches,Winter,Casual
54631,Men,Watches,Winter,Casual
54632,Men,Watches,Winter,Casual
54633,Men,Watches,Winter,Casual
54634,Men,Watches,Winter,Casual
54635,Men,Watches,Winter,Casual
54636,Men,Watches,Winter,Casual
54637,Men,Watches,Winter,Casual
54638,Men,Watches,Winter,Casual
54639,Men,Watches,Winter,Casual
54640,Men,Watches,Winter,Casual
54641,Men,Watches,Winter,Casual
54642,Unisex,Watches,Winter,Casual
54643,Men,Watches,Winter,Casual
54644,Unisex,Watches,Winter,Casual
54645,Unisex,Watches,Winter,Casual
54646,Women,Watches,Winter,Casual
54647,Men,Watches,Winter,Casual
54648,Men,Watches,Winter,Casual
54649,Men,Watches,Winter,Casual
54650,Women,Watches,Winter,Casual
54651,Women,Watches,Winter,Casual
54652,Men,Watches,Winter,Casual
54653,Men,Watches,Winter,Casual
54654,Men,Watches,Winter,Casual
54655,Men,Watches,Winter,Casual
54656,Women,Watches,Winter,Casual
54657,Men,Watches,Winter,Casual
54658,Men,Watches,Winter,Casual
54659,Men,Watches,Winter,Casual
54660,Men,Watches,Winter,Casual
54661,Men,Watches,Winter,Casual
54662,Men,Watches,Winter,Casual
54663,Men,Watches,Winter,Casual
54664,Men,Watches,Winter,Casual
54665,Men,Watches,Winter,Casual
54666,Men,Watches,Winter,Casual
54667,Men,Watches,Winter,Casual
54668,Men,Watches,Winter,Casual
54669,Women,Watches,Winter,Casual
54670,Men,Watches,Winter,Casual
54671,Men,Watches,Winter,Casual
54672,Men,Watches,Winter,Casual
54674,Men,Watches,Winter,Casual
54675,Men,Watches,Winter,Casual
54676,Men,Watches,Winter,Casual
54677,Men,Watches,Winter,Casual
54678,Men,Watches,Winter,Casual
54679,Men,Watches,Winter,Casual
54680,Women,Tunics,Summer,Ethnic
54681,Women,Tunics,Summer,Ethnic
54682,Women,Kurtas,Summer,Ethnic
54683,Women,Kurtas,Summer,Ethnic
54684,Men,Kurtas,Summer,Ethnic
54685,Women,Kurtas,Summer,Ethnic
54686,Women,Night suits,Summer,Ethnic
54687,Women,Kurtas,Summer,Ethnic
54688,Women,Dress,Summer,Ethnic
54689,Women,Kurta Sets,Summer,Ethnic
54690,Men,Kurtas,Summer,Ethnic
54691,Men,Tunics,Summer,Ethnic
54692,Women,Kurtas,Summer,Ethnic
54693,Women,Kurtas,Summer,Ethnic
54694,Women,Tunics,Summer,Ethnic
54695,Women,Tunics,Summer,Ethnic
54696,Women,Tunics,Summer,Ethnic
54697,Women,Tunics,Summer,Ethnic
54698,Women,Tunics,Summer,Casual
54699,Women,Tunics,Summer,Ethnic
54700,Men,Kurtas,Summer,Ethnic
54702,Men,Kurtas,Summer,Ethnic
54703,Women,Free Gifts,Summer,Ethnic
54704,Women,Dupatta,Summer,Ethnic
54705,Women,Kurta Sets,Summer,Ethnic
54706,Women,Kurtas,Summer,Ethnic
54708,Men,Tunics,Summer,Ethnic
54710,Women,Kurtas,Summer,Ethnic
54711,Women,Kurtas,Summer,Ethnic
54712,Men,Dress,Summer,Ethnic
54713,Women,Dupatta,Summer,Ethnic
54714,Women,Free Gifts,Fall,Ethnic
54715,Women,Night suits,Summer,Ethnic
54716,Women,Tunics,Summer,Ethnic
54717,Women,Kurtas,Summer,Ethnic
54718,Men,Kurtas,Summer,Ethnic
54719,Women,Kurtas,Summer,Ethnic
54720,Women,Tunics,Summer,Ethnic
54721,Women,Free Gifts,Summer,Ethnic
54722,Women,Free Gifts,Summer,Ethnic
54723,Women,Stoles,Summer,Ethnic
54724,Women,Dupatta,Summer,Ethnic
54725,Women,Kurtas,Summer,Ethnic
54726,Women,Kurtas,Summer,Ethnic
54727,Women,Kurtis,Summer,Ethnic
54728,Men,Casual Shoes,Summer,Casual
54729,Men,Formal Shoes,Fall,Casual
54730,Men,Formal Shoes,Summer,Casual
54731,Men,Casual Shoes,Summer,Casual
54732,Men,Casual Shoes,Summer,Casual
54733,Men,Casual Shoes,Summer,Casual
54734,Men,Casual Shoes,Fall,Casual
54735,Men,Casual Shoes,Summer,Casual
54736,Men,Casual Shoes,Summer,Casual
54737,Men,Casual Shoes,Summer,Casual
54738,Men,Formal Shoes,Spring,Casual
54739,Men,Casual Shoes,Fall,Sports
54740,Men,Casual Shoes,Spring,Casual
54741,Men,Casual Shoes,Summer,Casual
54742,Men,Casual Shoes,Summer,Casual
54744,Women,Kurtas,Summer,Ethnic
54767,Women,Kurtas,Summer,Ethnic
54792,Men,Jeans,Summer,Casual
54794,Men,Jeans,Summer,Casual
54796,Men,Jeans,Summer,Casual
54800,Men,Jeans,Summer,Casual
54804,Unisex,Handbags,Summer,Casual
54805,Unisex,Handbags,Summer,Casual
54807,Unisex,Handbags,Summer,Casual
54808,Unisex,Clutches,Fall,Ethnic
54812,Women,Handbags,Summer,Casual
54813,Unisex,Skirts,Summer,Casual
54819,Women,Duffel Bag,Summer,Casual
54823,Unisex,Handbags,Summer,Casual
54827,Women,Messenger Bag,Summer,Casual
54828,Unisex,Mobile Pouch,Summer,Casual
54829,Unisex,Messenger Bag,Summer,Casual
54831,Women,Socks,Summer,Casual
54834,Women,Handbags,Summer,Casual
54836,Men,Perfume and Body Mist,Summer,Casual
54838,Women,Clutches,Winter,Casual
54842,Women,Belts,Winter,Casual
54849,Women,Necklace and Chains,Winter,Casual
54850,Women,Necklace and Chains,Winter,Sports
54851,Women,Necklace and Chains,Winter,Casual
54852,Women,Necklace and Chains,Summer,Ethnic
54853,Women,Necklace and Chains,Winter,Casual
54854,Women,Necklace and Chains,Winter,Casual
54856,Women,Necklace and Chains,Fall,Casual
54857,Women,Necklace and Chains,Winter,Ethnic
54858,Women,Necklace and Chains,Winter,Casual
54859,Women,Necklace and Chains,Winter,Ethnic
54860,Women,Necklace and Chains,Winter,Ethnic
54861,Women,Necklace and Chains,Winter,Casual
54862,Women,Necklace and Chains,Winter,Ethnic
54863,Women,Necklace and Chains,Fall,Casual
54864,Men,Necklace and Chains,Winter,Casual
54865,Women,Necklace and Chains,Winter,Casual
54866,Women,Necklace and Chains,Winter,Ethnic
54867,Women,Pendant,Summer,Ethnic
54868,Women,Necklace and Chains,Fall,Casual
54869,Women,Necklace and Chains,Summer,Ethnic
54870,Women,Necklace and Chains,Winter,Ethnic
54871,Women,Necklace and Chains,Winter,Ethnic
54872,Women,Necklace and Chains,Summer,Ethnic
54873,Women,Necklace and Chains,Fall,Sports
54874,Women,Necklace and Chains,Winter,Ethnic
54875,Women,Necklace and Chains,Winter,Ethnic
54876,Women,Necklace and Chains,Summer,Ethnic
54877,Women,Necklace and Chains,Summer,Casual
54878,Women,Necklace and Chains,Winter,Casual
54879,Women,Necklace and Chains,Winter,Casual
54880,Men,Bracelet,Winter,Casual
54881,Women,Necklace and Chains,Summer,Sports
54882,Women,Necklace and Chains,Winter,Ethnic
54883,Women,Pendant,Fall,Casual
54884,Women,Necklace and Chains,Summer,Casual
54885,Women,Necklace and Chains,Summer,Casual
54886,Women,Bracelet,Winter,Casual
54888,Women,Necklace and Chains,Fall,Ethnic
54889,Men,Jackets,Summer,Casual
54890,Women,Innerwear Vests,Summer,Casual
54891,Women,Tshirts,Summer,Casual
54894,Men,Trousers,Summer,Sports
54896,Men,Leggings,Summer,Casual
54897,Women,Tshirts,Summer,Casual
54899,Women,Tshirts,Summer,Casual
54900,Men,Tshirts,Summer,Casual
54901,Men,Tshirts,Summer,Casual
54902,Men,Tshirts,Summer,Casual
54903,Men,Tshirts,Summer,Casual
54904,Men,Tshirts,Summer,Casual
54905,Men,Tshirts,Summer,Casual
54906,Men,Tshirts,Summer,Casual
54907,Boys,Tshirts,Summer,Casual
54908,Men,Tshirts,Summer,Casual
54909,Men,Tshirts,Summer,Casual
54911,Women,Tshirts,Summer,Casual
54913,Men,Topwear,Summer,Casual
54914,Women,Tshirts,Summer,Casual
54915,Men,Tshirts,Summer,Casual
54918,Men,Shorts,Summer,Casual
54919,Men,Shorts,Summer,Casual
54921,Women,Capris,Summer,Casual
54923,Boys,Trousers,Fall,Casual
54924,Men,Boxers,Summer,Casual
54925,Men,Boxers,Summer,Casual
54926,Men,Tshirts,Summer,Casual
54927,Men,Tshirts,Summer,Casual
54928,Men,Tshirts,Summer,Casual
54929,Men,Tshirts,Summer,Casual
54930,Men,Tshirts,Summer,Casual
54931,Men,Tshirts,Fall,Casual
54932,Women,Kurtas,Fall,Casual
54933,Girls,Tops,Summer,Casual
54934,Women,Tops,Summer,Casual
54935,Men,Tshirts,Summer,Casual
54936,Men,Jackets,Summer,Casual
54937,Women,Topwear,Summer,Casual
54938,Women,Tops,Summer,Casual
54939,Women,Sweaters,Fall,Casual
54940,Women,Tshirts,Summer,Casual
54941,Women,Tshirts,Summer,Casual
54942,Men,Tshirts,Summer,Casual
54943,Men,Tshirts,Summer,Casual
54944,Men,Tshirts,Summer,Sports
54945,Men,Tshirts,Summer,Casual
54946,Men,Tshirts,Summer,Casual
54947,Men,Tshirts,Summer,Casual
54948,Men,Jackets,Summer,Formal
54949,Men,Jackets,Summer,Casual
54950,Men,Tshirts,Summer,Casual
54951,Men,Tshirts,Fall,Casual
54953,Men,Tshirts,Summer,Casual
54954,Men,Tshirts,Fall,Casual
54955,Men,Tshirts,Summer,Casual
54957,Boys,Shirts,Fall,Casual
54958,Boys,Tshirts,Summer,Casual
54959,Boys,Jackets,Summer,Sports
54960,Men,Tshirts,Summer,Casual
54961,Men,Tshirts,Summer,Casual
54964,Women,Tops,Summer,Casual
54965,Men,Tshirts,Summer,Casual
54966,Men,Sandals,Winter,Casual
54967,Men,Deodorant,Spring,Casual
54968,Men,Deodorant,Spring,Casual
54969,Men,Deodorant,Spring,Casual
54970,Women,Perfume and Body Mist,Spring,Casual
54971,Women,Dresses,Summer,Casual
54972,Women,Dresses,Summer,Casual
54973,Men,Dresses,Summer,Casual
54974,Women,Dresses,Summer,Casual
54975,Men,Tshirts,Summer,Casual
54976,Women,Dresses,Summer,Ethnic
54977,Women,Capris,Summer,Casual
54978,Women,Capris,Summer,Casual
54979,Men,Shirts,Summer,Casual
54980,Women,Sarees,Summer,Ethnic
54981,Women,Tops,Fall,Ethnic
54982,Women,Jeans,Summer,Casual
54983,Women,Trousers,Summer,Casual
54984,Women,Jeans,Summer,Casual
54985,Women,Jeans,Summer,Casual
54986,Women,Tops,Summer,Casual
54987,Women,Kurtis,Summer,Ethnic
54988,Women,Tops,Summer,Casual
54989,Women,Kurtis,Summer,Ethnic
54990,Women,Kurta Sets,Summer,Casual
54991,Women,Tops,Summer,Casual
54992,Women,Tops,Summer,Casual
54993,Women,Kurtis,Summer,Casual
54995,Men,Lips,Spring,Casual
54997,Men,Lips,Spring,Casual
55000,Men,Lips,Spring,Casual
55001,Men,Lips,Spring,Casual
55002,Men,Lips,Spring,Casual
55003,Men,Lips,Summer,Casual
55004,Women,Clutches,Summer,Casual
55005,Women,Lips,Spring,Casual
55006,Men,Lips,Spring,Casual
55007,Men,Perfume and Body Mist,Spring,Casual
55008,Men,Perfume and Body Mist,Spring,Casual
55009,Men,Perfume and Body Mist,Spring,Casual
55010,Men,Perfume and Body Mist,Spring,Casual
55012,Unisex,Lips,Spring,Sports
55013,Women,Makeup,Spring,Casual
55015,Unisex,Lips,Spring,Sports
55016,Women,Makeup,Spring,Casual
55018,Unisex,Lips,Spring,Sports
55020,Unisex,Lips,Spring,Sports
55021,Men,Lips,Spring,Casual
55022,Unisex,Lips,Spring,Casual
55023,Unisex,Lips,Spring,Casual
55024,Unisex,Lips,Spring,Casual
55025,Men,Lips,Spring,Casual
55026,Unisex,Lips,Spring,Casual
55027,Unisex,Lips,Spring,Casual
55028,Unisex,Lips,Spring,Casual
55029,Men,Lips,Spring,Casual
55030,Unisex,Lips,Spring,Casual
55031,Unisex,Lips,Spring,Casual
55032,Women,Lips,Spring,Casual
55033,Unisex,Lips,Spring,Casual
55034,Men,Lips,Spring,Casual
55035,Unisex,Lips,Spring,Casual
55036,Unisex,Lips,Spring,Casual
55037,Unisex,Lips,Spring,Casual
55038,Unisex,Lips,Spring,Casual
55039,Men,Lips,Spring,Sports
55040,Women,Lips,Spring,Casual
55041,Women,Eyes,Spring,Casual
55042,Unisex,Lips,Spring,Casual
55043,Unisex,Lips,Spring,Casual
55044,Unisex,Lips,Spring,Casual
55045,Women,Makeup,Spring,Casual
55046,Women,Makeup,Spring,Casual
55047,Men,Deodorant,Spring,Casual
55048,Women,Makeup,Spring,Casual
55049,Women,Makeup,Spring,Casual
55050,Women,Makeup,Spring,Casual
55051,Women,Makeup,Spring,Casual
55052,Women,Makeup,Spring,Casual
55053,Women,Makeup,Spring,Casual
55054,Women,Makeup,Spring,Casual
55055,Women,Makeup,Spring,Casual
55056,Women,Makeup,Spring,Casual
55057,Women,Eyes,Spring,Casual
55058,Women,Makeup,Spring,Casual
55059,Women,Makeup,Spring,Casual
55060,Women,Makeup,Spring,Casual
55061,Women,Makeup,Spring,Casual
55062,Women,Makeup,Spring,Casual
55063,Women,Lips,Spring,Casual
55064,Women,Makeup,Spring,Casual
55065,Women,Makeup,Spring,Casual
55066,Women,Makeup,Spring,Casual
55067,Women,Lips,Spring,Casual
55068,Women,Lips,Spring,Casual
55069,Women,Perfume and Body Mist,Spring,Casual
55070,Women,Eyes,Spring,Casual
55071,Men,Makeup,Spring,Casual
55072,Women,Lips,Spring,Casual
55073,Women,Makeup,Spring,Casual
55074,Women,Makeup,Spring,Casual
55075,Women,Makeup,Spring,Casual
55078,Women,Makeup,Spring,Casual
55079,Women,Makeup,Spring,Casual
55080,Women,Socks,Summer,Casual
55081,Men,Watches,Spring,Casual
55083,Unisex,Sports Equipment,Summer,Sports
55086,Women,Perfume and Body Mist,Spring,Casual
55087,Women,Perfume and Body Mist,Spring,Casual
55089,Women,Tshirts,Summer,Sports
55090,Women,Watches,Summer,Sports
55093,Men,Accessory Gift Set,Spring,Casual
55094,Women,Makeup,Spring,Casual
55095,Men,Lips,Spring,Casual
55097,Women,Lips,Spring,Casual
55098,Women,Accessory Gift Set,Summer,Casual
55099,Men,Lips,Spring,Casual
55100,Boys,Wallets,Summer,Casual
55101,Unisex,Eyes,Summer,Sports
55107,Unisex,Sports Equipment,Winter,Sports
55108,Unisex,Sports Equipment,Fall,Sports
55109,Women,Perfume and Body Mist,Spring,Casual
55110,Women,Perfume and Body Mist,Spring,Casual
55111,Women,Perfume and Body Mist,Spring,Casual
55112,Women,Perfume and Body Mist,Spring,Casual
55113,Men,Makeup,Fall,Sports
55114,Men,Makeup,Fall,Sports
55115,Men,Makeup,Fall,Sports
55116,Women,Sandals,Winter,Sports
55117,Women,Sandals,Winter,Sports
55118,Women,Sandals,Winter,Sports
55119,Unisex,Wallets,Fall,Casual
55120,Men,Nails,Spring,Casual
55121,Men,Nails,Spring,Casual
55122,Men,Nails,Spring,Casual
55123,Men,Nails,Spring,Casual
55124,Women,Nails,Spring,Casual
55125,Men,Nails,Spring,Casual
55126,Men,Nails,Spring,Casual
55127,Men,Nails,Spring,Casual
55128,Men,Nails,Spring,Casual
55129,Men,Nails,Spring,Casual
55130,Men,Nails,Spring,Casual
55131,Men,Nails,Spring,Casual
55132,Men,Nails,Spring,Casual
55133,Men,Nails,Spring,Casual
55134,Women,Nails,Spring,Casual
55135,Men,Nails,Spring,Casual
55136,Men,Deodorant,Spring,Sports
55137,Women,Nails,Spring,Casual
55138,Women,Perfume and Body Mist,Spring,Casual
55139,Women,Nails,Spring,Casual
55140,Men,Nails,Spring,Casual
55141,Men,Nails,Spring,Casual
55142,Men,Nails,Spring,Casual
55143,Men,Nails,Spring,Casual
55144,Women,Nails,Spring,Casual
55145,Men,Makeup,Spring,Casual
55146,Men,Makeup,Spring,Casual
55147,Men,Makeup,Spring,Casual
55148,Men,Makeup,Spring,Casual
55149,Men,Makeup,Spring,Casual
55150,Men,Makeup,Spring,Casual
55151,Men,Makeup,Spring,Casual
55152,Women,Nails,Spring,Casual
55153,Men,Perfume and Body Mist,Spring,Casual
55154,Men,Makeup,Spring,Casual
55155,Men,Perfume and Body Mist,Spring,Casual
55156,Men,Perfume and Body Mist,Spring,Casual
55157,Men,Makeup,Spring,Casual
55158,Men,Makeup,Spring,Casual
55159,Men,Makeup,Spring,Casual
55160,Men,Makeup,Spring,Casual
55161,Men,Makeup,Spring,Casual
55162,Men,Makeup,Spring,Casual
55163,Men,Makeup,Spring,Casual
55164,Men,Perfume and Body Mist,Spring,Casual
55165,Women,Perfume and Body Mist,Spring,Casual
55166,Men,Nails,Spring,Casual
55168,Men,Perfume and Body Mist,Spring,Casual
55170,Men,Perfume and Body Mist,Spring,Casual
55172,Women,Perfume and Body Mist,Spring,Casual
55173,Men,Perfume and Body Mist,Spring,Casual
55175,Men,Perfume and Body Mist,Spring,Casual
55177,Women,Perfume and Body Mist,Spring,Casual
55179,Women,Perfume and Body Mist,Spring,Casual
55180,Men,Perfume and Body Mist,Spring,Casual
55181,Men,Perfume and Body Mist,Spring,Casual
55184,Men,Perfume and Body Mist,Spring,Casual
55185,Men,Perfume and Body Mist,Spring,Casual
55186,Women,Perfume and Body Mist,Spring,Casual
55187,Women,Perfume and Body Mist,Summer,Casual
55190,Men,Perfume and Body Mist,Spring,Casual
55191,Men,Perfume and Body Mist,Spring,Casual
55192,Men,Perfume and Body Mist,Spring,Casual
55194,Men,Deodorant,Spring,Casual
55195,Men,Perfume and Body Mist,Spring,Casual
55196,Men,Perfume and Body Mist,Spring,Casual
55197,Women,Perfume and Body Mist,Spring,Casual
55198,Men,Deodorant,Spring,Casual
55200,Women,Clutches,Spring,Casual
55201,Women,Clutches,Spring,Casual
55202,Women,Wristbands,Spring,Casual
55203,Women,Wristbands,Spring,Casual
55205,Men,Perfume and Body Mist,Spring,Casual
55206,Men,Lips,Spring,Casual
55208,Men,Lips,Spring,Casual
55209,Men,Perfume and Body Mist,Spring,Casual
55210,Men,Perfume and Body Mist,Spring,Casual
55211,Men,Lips,Spring,Casual
55212,Men,Perfume and Body Mist,Spring,Casual
55213,Men,Lips,Spring,Sports
55214,Men,Lips,Spring,Sports
55215,Women,Lips,Spring,Casual
55216,Men,Lips,Spring,Sports
55217,Women,Lips,Spring,Casual
55218,Men,Eyes,Spring,Casual
55219,Women,Eyes,Spring,Casual
55220,Women,Eyes,Spring,Casual
55221,Women,Eyes,Spring,Casual
55222,Women,Lips,Spring,Casual
55223,Women,Lips,Spring,Casual
55224,Women,Lips,Spring,Casual
55225,Women,Makeup,Spring,Casual
55226,Women,Makeup,Spring,Casual
55227,Women,Lips,Spring,Casual
55228,Men,Fragrance Gift Set,Spring,Casual
55229,Men,Lips,Spring,Casual
55230,Men,Fragrance Gift Set,Summer,Casual
55231,Men,Fragrance Gift Set,Summer,Casual
55232,Men,Fragrance Gift Set,Summer,Casual
55233,Men,Lounge Shorts,Spring,Casual
55234,Women,Deodorant,Spring,Casual
55235,Women,Perfume and Body Mist,Spring,Casual
55236,Men,Perfume and Body Mist,Spring,Casual
55237,Men,Bath and Body,Spring,Casual
55238,Men,Bath and Body,Spring,Casual
55239,Men,Perfume and Body Mist,Spring,Casual
55240,Unisex,Perfume and Body Mist,Spring,Casual
55241,Unisex,Perfume and Body Mist,Spring,Casual
55242,Unisex,Perfume and Body Mist,Spring,Casual
55243,Unisex,Perfume and Body Mist,Spring,Casual
55244,Men,Eyes,Spring,Casual
55245,Men,Eyes,Spring,Casual
55246,Men,Eyes,Spring,Casual
55247,Women,Makeup,Winter,Casual
55248,Women,Makeup,Spring,Casual
55249,Women,Makeup,Spring,Casual
55250,Women,Wristbands,Spring,Casual
55251,Women,Heels,Summer,Casual
55252,Women,Eyes,Spring,Casual
55253,Women,Lips,Spring,Casual
55254,Women,Lips,Spring,Casual
55255,Women,Lips,Spring,Casual
55256,Men,Makeup,Spring,Casual
55257,Women,Eyes,Spring,Casual
55258,Women,Makeup,Spring,Casual
55259,Women,Eyes,Spring,Casual
55260,Women,Eyes,Spring,Casual
55261,Women,Lips,Spring,Casual
55262,Women,Makeup,Spring,Casual
55263,Women,Makeup,Spring,Casual
55264,Women,Makeup,Spring,Casual
55265,Women,Makeup,Spring,Casual
55266,Men,Lips,Spring,Casual
55267,Men,Makeup,Spring,Casual
55268,Women,Makeup,Spring,Casual
55269,Women,Makeup,Spring,Casual
55270,Women,Makeup,Spring,Casual
55271,Women,Makeup,Spring,Casual
55272,Women,Makeup,Spring,Formal
55273,Women,Eyes,Spring,Casual
55274,Women,Eyes,Spring,Casual
55275,Men,Eyes,Spring,Casual
55276,Men,Eyes,Spring,Casual
55277,Unisex,Perfume and Body Mist,Spring,Casual
55278,Women,Perfume and Body Mist,Spring,Casual
55280,Women,Wallets,Spring,Casual
55281,Women,Wristbands,Fall,Casual
55282,Men,Perfume and Body Mist,Spring,Casual
55283,Men,Perfume and Body Mist,Spring,Casual
55284,Men,Perfume and Body Mist,Spring,Casual
55285,Unisex,Backpacks,Winter,Sports
55286,Women,Wallets,Winter,Casual
55287,Women,Wallets,Spring,Casual
55288,Women,Wallets,Spring,Casual
55289,Women,Wallets,Spring,Casual
55290,Women,Lips,Spring,Casual
55291,Women,Lips,Spring,Casual
55292,Women,Lips,Spring,Casual
55293,Women,Lips,Spring,Casual
55294,Women,Lips,Spring,Casual
55295,Women,Lips,Spring,Casual
55296,Women,Bags,Summer,Casual
55297,Women,Bags,Summer,Casual
55298,Women,Bags,Winter,Casual
55299,Women,Bags,Fall,Casual
55300,Women,Makeup,Spring,Casual
55301,Women,Makeup,Spring,Casual
55306,Men,Briefs,Summer,Sports
55307,Men,Socks,Fall,Sports
55314,Women,Socks,Summer,Casual
55315,Women,Socks,Summer,Sports
55316,Men,Socks,Summer,Casual
55317,Women,Perfume and Body Mist,Spring,Casual
55318,Unisex,Perfume and Body Mist,Spring,Casual
55319,Women,Apparel Set,Spring,Casual
55320,Girls,Perfume and Body Mist,Spring,Casual
55321,Women,Perfume and Body Mist,Spring,Casual
55322,Unisex,Perfume and Body Mist,Spring,Casual
55323,Women,Shoe Accessories,Spring,Casual
55324,Women,Deodorant,Spring,Casual
55325,Men,Perfume and Body Mist,Summer,Casual
55326,Men,Perfume and Body Mist,Spring,Casual
55328,Women,Perfume and Body Mist,Spring,Casual
55329,Men,Shoe Accessories,Fall,Casual
55330,Women,Shoe Accessories,Spring,Casual
55331,Men,Shoe Accessories,Winter,Casual
55332,Women,Shoe Accessories,Spring,Casual
55333,Men,Wallets,Spring,Casual
55334,Men,Perfume and Body Mist,Winter,Casual
55335,Men,Socks,Spring,Casual
55336,Women,Wallets,Spring,Sports
55337,Women,Deodorant,Spring,Casual
55338,Women,Perfume and Body Mist,Spring,Casual
55339,Women,Perfume and Body Mist,Spring,Casual
55344,Women,Perfume and Body Mist,Spring,Casual
55347,Women,Perfume and Body Mist,Spring,Casual
55349,Women,Bags,Winter,Sports
55350,Women,Clutches,Winter,Casual
55351,Unisex,Wristbands,Spring,Casual
55352,Unisex,Nails,Spring,Casual
55354,Men,Nails,Spring,Casual
55357,Women,Makeup,Spring,Casual
55358,Men,Nails,Spring,Casual
55359,Women,Nails,Spring,Casual
55361,Women,Nails,Spring,Casual
55362,Men,Perfume and Body Mist,Spring,Casual
55363,Men,Nails,Spring,Casual
55364,Men,Nails,Spring,Casual
55365,Women,Makeup,Spring,Casual
55366,Men,Makeup,Spring,Casual
55368,Men,Makeup,Spring,Casual
55369,Men,Nails,Spring,Casual
55370,Women,Nails,Spring,Casual
55373,Men,Nails,Spring,Casual
55375,Men,Makeup,Spring,Casual
55376,Men,Nails,Spring,Casual
55377,Men,Nails,Spring,Casual
55378,Men,Nails,Spring,Casual
55379,Men,Nails,Spring,Casual
55380,Men,Deodorant,Spring,Casual
55381,Men,Nails,Spring,Casual
55382,Men,Nails,Spring,Casual
55383,Women,Nails,Spring,Casual
55384,Men,Nails,Spring,Casual
55385,Men,Lips,Spring,Sports
55387,Men,Nails,Spring,Casual
55388,Men,Makeup,Spring,Casual
55389,Women,Perfume and Body Mist,Spring,Casual
55390,Women,Nails,Spring,Casual
55391,Men,Perfume and Body Mist,Spring,Casual
55392,Men,Perfume and Body Mist,Spring,Casual
55394,Men,Perfume and Body Mist,Spring,Casual
55395,Men,Lips,Spring,Casual
55396,Unisex,Eyes,Spring,Casual
55397,Women,Lips,Spring,Casual
55398,Women,Necklace and Chains,Fall,Sports
55399,Women,Makeup,Spring,Casual
55400,Women,Makeup,Spring,Casual
55402,Women,Makeup,Spring,Casual
55407,Women,Makeup,Spring,Casual
55408,Women,Lips,Spring,Casual
55409,Women,Makeup,Spring,Casual
55410,Men,Makeup,Spring,Casual
55418,Men,Makeup,Spring,Formal
55419,Men,Lips,Spring,Casual
55420,Men,Lips,Spring,Casual
55421,Men,Makeup,Spring,Formal
55423,Men,Lips,Spring,Casual
55424,Men,Makeup,Spring,Formal
55425,Men,Makeup,Spring,Formal
55426,Men,Lips,Spring,Casual
55427,Men,Makeup,Spring,Formal
55428,Men,Lips,Spring,Casual
55429,Men,Lips,Spring,Casual
55430,Unisex,Tops,Summer,Casual
55431,Unisex,Tops,Summer,Casual
55432,Unisex,Tops,Spring,Casual
55433,Unisex,Tops,Summer,Casual
55434,Unisex,Tops,Summer,Casual
55436,Unisex,Tops,Spring,Casual
55437,Unisex,Tops,Summer,Casual
55438,Unisex,Tops,Spring,Casual
55439,Unisex,Tops,Spring,Casual
55440,Unisex,Tops,Spring,Casual
55441,Unisex,Tops,Spring,Casual
55442,Unisex,Tops,Spring,Casual
55443,Unisex,Lips,Spring,Casual
55444,Women,Makeup,Spring,Casual
55445,Women,Makeup,Spring,Casual
55446,Women,Makeup,Spring,Casual
55447,Women,Makeup,Spring,Casual
55448,Women,Makeup,Spring,Casual
55449,Women,Makeup,Spring,Casual
55450,Men,Deodorant,Spring,Casual
55451,Women,Makeup,Spring,Casual
55454,Women,Lips,Spring,Casual
55455,Unisex,Lips,Spring,Casual
55456,Women,Lips,Summer,Casual
55457,Women,Lips,Spring,Casual
55458,Women,Lips,Spring,Casual
55459,Women,Lips,Summer,Casual
55460,Unisex,Lips,Spring,Casual
55461,Women,Lips,Summer,Casual
55462,Unisex,Lips,Spring,Casual
55463,Women,Makeup,Spring,Casual
55464,Women,Makeup,Spring,Casual
55465,Women,Makeup,Spring,Casual
55466,Women,Lips,Fall,Casual
55467,Women,Lips,Summer,Casual
55468,Women,Makeup,Spring,Casual
55469,Women,Makeup,Spring,Casual
55470,Women,Lips,Spring,Casual
55471,Women,Lips,Summer,Casual
55472,Women,Lips,Summer,Casual
55473,Women,Lips,Spring,Casual
55474,Women,Lips,Spring,Casual
55475,Women,Lips,Spring,Casual
55476,Women,Lips,Spring,Casual
55477,Women,Lips,Spring,Casual
55478,Women,Eyes,Spring,Casual
55479,Women,Lips,Spring,Casual
55480,Women,Lips,Spring,Casual
55482,Women,Lips,Spring,Casual
55485,Women,Makeup,Spring,Casual
55486,Women,Eyes,Spring,Casual
55487,Men,Makeup,Spring,Casual
55488,Men,Lips,Spring,Ethnic
55489,Men,Makeup,Spring,Casual
55490,Men,Makeup,Spring,Casual
55491,Men,Makeup,Spring,Casual
55492,Men,Makeup,Spring,Ethnic
55493,Men,Makeup,Spring,Casual
55494,Men,Makeup,Spring,Ethnic
55495,Women,Perfume and Body Mist,Spring,Casual
55496,Women,Perfume and Body Mist,Spring,Casual
55497,Men,Makeup,Spring,Casual
55498,Men,Makeup,Spring,Casual
55499,Women,Makeup,Spring,Casual
55500,Men,Makeup,Spring,Casual
55501,Women,Lips,Spring,Casual
55502,Women,Lips,Spring,Casual
55503,Women,Deodorant,Spring,Casual
55504,Women,Deodorant,Spring,Casual
55505,Men,Deodorant,Spring,Casual
55506,Women,Lips,Spring,Casual
55507,Women,Lips,Spring,Casual
55508,Women,Deodorant,Spring,Casual
55509,Men,Lips,Spring,Casual
55510,Women,Lips,Spring,Casual
55511,Men,Lips,Spring,Casual
55512,Women,Lips,Spring,Casual
55513,Men,Perfume and Body Mist,Summer,Casual
55514,Women,Perfume and Body Mist,Winter,Sports
55516,Men,Perfume and Body Mist,Summer,Casual
55517,Men,Fragrance Gift Set,Winter,Sports
55518,Men,Perfume and Body Mist,Spring,Casual
55519,Men,Perfume and Body Mist,Winter,Casual
55520,Women,Makeup,Spring,Casual
55521,Men,Perfume and Body Mist,Spring,Casual
55522,Men,Perfume and Body Mist,Spring,Casual
55523,Men,Makeup,Spring,Casual
55524,Women,Perfume and Body Mist,Spring,Casual
55525,Women,Perfume and Body Mist,Spring,Casual
55526,Women,Perfume and Body Mist,Spring,Casual
55527,Men,Makeup,Spring,Casual
55528,Women,Makeup,Spring,Casual
55529,Men,Perfume and Body Mist,Spring,Casual
55530,Men,Makeup,Spring,Casual
55531,Men,Makeup,Spring,Casual
55532,Men,Makeup,Spring,Casual
55533,Women,Perfume and Body Mist,Spring,Casual
55534,Women,Perfume and Body Mist,Spring,Casual
55535,Men,Wallets,Spring,Casual
55536,Women,Wallets,Spring,Casual
55537,Women,Wallets,Spring,Casual
55538,Women,Nails,Spring,Casual
55539,Women,Makeup,Spring,Casual
55540,Women,Wallets,Winter,Casual
55541,Women,Eyes,Spring,Casual
55542,Women,Eyes,Spring,Casual
55543,Women,Eyes,Spring,Casual
55544,Women,Eyes,Spring,Casual
55545,Women,Eyes,Spring,Casual
55546,Women,Eyes,Spring,Casual
55547,Women,Eyes,Spring,Casual
55548,Women,Eyes,Spring,Casual
55549,Women,Eyes,Spring,Casual
55550,Women,Eyes,Spring,Casual
55551,Women,Makeup,Spring,Casual
55553,Men,Lips,Spring,Casual
55556,Women,Makeup,Spring,Casual
55557,Women,Makeup,Spring,Casual
55558,Women,Lips,Spring,Casual
55559,Men,Lips,Spring,Casual
55560,Women,Perfume and Body Mist,Spring,Casual
55561,Girls,Apparel Set,Spring,Casual
55564,Men,Deodorant,Spring,Casual
55565,Men,Deodorant,Spring,Casual
55568,Men,Deodorant,Spring,Casual
55569,Women,Deodorant,Spring,Casual
55570,Men,Deodorant,Spring,Casual
55571,Men,Deodorant,Spring,Casual
55572,Women,Lips,Spring,Casual
55573,Women,Lips,Spring,Casual
55574,Women,Wallets,Spring,Casual
55575,Women,Perfume and Body Mist,Winter,Sports
55576,Women,Wallets,Spring,Casual
55577,Women,Wristbands,Summer,Sports
55578,Women,Heels,Winter,Casual
55579,Women,Heels,Winter,Sports
55580,Unisex,Wristbands,Winter,Casual
55581,Men,Wallets,Spring,Casual
55582,Women,Wallets,Spring,Casual
55583,Women,Deodorant,Spring,Casual
55584,Women,Wallets,Spring,Casual
55585,Women,Wallets,Summer,Casual
55586,Women,Wallets,Summer,Casual
55587,Women,Makeup,Spring,Casual
55590,Men,Jackets,Summer,Ethnic
55591,Men,Sweaters,Summer,Sports
55595,Men,Shirts,Summer,Casual
55597,Men,Shirts,Summer,Casual
55599,Men,Shirts,Summer,Casual
55608,Men,Shirts,Summer,Casual
55612,Men,Formal Shoes,Summer,Formal
55613,Men,Formal Shoes,Summer,Formal
55614,Men,Formal Shoes,Summer,Formal
55615,Men,Formal Shoes,Winter,Formal
55616,Men,Formal Shoes,Summer,Formal
55617,Men,Formal Shoes,Summer,Formal
55618,Men,Formal Shoes,Summer,Formal
55619,Men,Formal Shoes,Summer,Formal
55620,Men,Formal Shoes,Summer,Formal
55621,Men,Formal Shoes,Summer,Formal
55622,Men,Formal Shoes,Summer,Formal
55623,Men,Formal Shoes,Summer,Formal
55624,Men,Formal Shoes,Summer,Formal
55625,Men,Formal Shoes,Winter,Formal
55626,Men,Formal Shoes,Summer,Formal
55627,Men,Formal Shoes,Summer,Formal
55628,Men,Formal Shoes,Winter,Formal
55629,Men,Formal Shoes,Winter,Formal
55630,Women,Flats,Winter,Casual
55631,Women,Flats,Winter,Casual
55632,Women,Flats,Summer,Casual
55633,Women,Heels,Winter,Casual
55634,Women,Heels,Winter,Casual
55635,Women,Heels,Winter,Casual
55636,Women,Flats,Winter,Casual
55637,Women,Flats,Winter,Casual
55638,Women,Heels,Winter,Casual
55639,Women,Heels,Fall,Casual
55640,Women,Heels,Winter,Casual
55641,Women,Heels,Winter,Casual
55642,Women,Heels,Winter,Casual
55643,Women,Heels,Winter,Casual
55644,Women,Heels,Winter,Casual
55645,Women,Heels,Winter,Casual
55646,Women,Sandals,Winter,Casual
55647,Women,Flats,Winter,Casual
55648,Women,Flats,Winter,Casual
55649,Women,Heels,Winter,Casual
55650,Women,Heels,Winter,Casual
55651,Women,Flats,Winter,Casual
55652,Women,Flats,Winter,Casual
55653,Women,Flats,Winter,Casual
55654,Women,Heels,Winter,Casual
55655,Women,Heels,Winter,Casual
55656,Women,Heels,Winter,Casual
55657,Women,Heels,Winter,Casual
55783,Men,Casual Shoes,Summer,Casual
55784,Men,Casual Shoes,Summer,Sports
55785,Men,Casual Shoes,Summer,Sports
55786,Men,Tunics,Summer,Sports
55787,Women,Skirts,Summer,Ethnic
55788,Men,Tunics,Summer,Ethnic
55789,Men,Sarees,Summer,Ethnic
55790,Women,Sarees,Summer,Ethnic
55791,Women,Night suits,Summer,Ethnic
55794,Women,Night suits,Summer,Ethnic
55795,Women,Night suits,Summer,Ethnic
55796,Women,Night suits,Summer,Ethnic
55797,Women,Dresses,Summer,Ethnic
55798,Women,Nightdress,Summer,Casual
55799,Women,Dresses,Summer,Casual
55800,Women,Dresses,Summer,Ethnic
55801,Women,Dresses,Summer,Ethnic
55802,Women,Night suits,Summer,Ethnic
55803,Women,Night suits,Summer,Ethnic
55804,Women,Night suits,Summer,Ethnic
55805,Women,Capris,Summer,Ethnic
55806,Women,Night suits,Summer,Ethnic
55807,Women,Night suits,Summer,Ethnic
55809,Women,Night suits,Summer,Ethnic
55810,Women,Night suits,Summer,Casual
55811,Women,Night suits,Summer,Ethnic
55812,Women,Nightdress,Summer,Ethnic
55813,Men,Night suits,Summer,Ethnic
55814,Women,Night suits,Summer,Ethnic
55817,Women,Kurta Sets,Summer,Ethnic
55818,Women,Night suits,Summer,Ethnic
55819,Women,Night suits,Summer,Ethnic
55821,Women,Night suits,Summer,Ethnic
55822,Women,Night suits,Summer,Ethnic
55823,Women,Night suits,Summer,Ethnic
55824,Women,Kurta Sets,Summer,Ethnic
55825,Women,Kurta Sets,Summer,Ethnic
55826,Women,Kurta Sets,Summer,Ethnic
55827,Women,Kurta Sets,Summer,Ethnic
55828,Women,Night suits,Summer,Ethnic
55829,Women,Kurta Sets,Summer,Ethnic
55830,Women,Kurta Sets,Summer,Ethnic
55831,Women,Night suits,Summer,Ethnic
55832,Women,Kurta Sets,Summer,Ethnic
55833,Women,Makeup,Spring,Casual
55834,Men,Perfume and Body Mist,Spring,Casual
55835,Men,Perfume and Body Mist,Spring,Casual
55836,Women,Deodorant,Spring,Casual
55837,Men,Perfume and Body Mist,Spring,Casual
55838,Men,Perfume and Body Mist,Spring,Casual
55839,Men,Perfume and Body Mist,Spring,Casual
55840,Men,Perfume and Body Mist,Spring,Casual
55841,Men,Perfume and Body Mist,Spring,Casual
55842,Men,Perfume and Body Mist,Spring,Casual
55843,Men,Perfume and Body Mist,Spring,Casual
55844,Men,Perfume and Body Mist,Spring,Casual
55845,Men,Perfume and Body Mist,Spring,Casual
55846,Women,Perfume and Body Mist,Spring,Casual
55847,Women,Perfume and Body Mist,Spring,Casual
55848,Men,Deodorant,Spring,Casual
55849,Men,Perfume and Body Mist,Spring,Casual
55850,Men,Perfume and Body Mist,Spring,Casual
55851,Men,Perfume and Body Mist,Spring,Casual
55852,Women,Perfume and Body Mist,Spring,Casual
55853,Men,Perfume and Body Mist,Spring,Casual
55854,Men,Perfume and Body Mist,Spring,Casual
55855,Women,Perfume and Body Mist,Spring,Casual
55856,Men,Perfume and Body Mist,Spring,Casual
55857,Men,Perfume and Body Mist,Spring,Casual
55858,Men,Perfume and Body Mist,Spring,Casual
55859,Men,Perfume and Body Mist,Spring,Casual
55860,Men,Perfume and Body Mist,Spring,Casual
55861,Men,Perfume and Body Mist,Spring,Casual
55862,Women,Perfume and Body Mist,Spring,Casual
55863,Women,Perfume and Body Mist,Spring,Casual
55864,Women,Lips,Spring,Casual
55865,Women,Lips,Spring,Casual
55866,Women,Perfume and Body Mist,Spring,Casual
55867,Men,Nails,Spring,Casual
55868,Women,Perfume and Body Mist,Spring,Casual
55869,Men,Perfume and Body Mist,Spring,Casual
55870,Women,Perfume and Body Mist,Spring,Casual
55871,Men,Perfume and Body Mist,Spring,Casual
55872,Women,Lips,Spring,Casual
55873,Men,Perfume and Body Mist,Spring,Casual
55874,Men,Perfume and Body Mist,Spring,Casual
55875,Men,Perfume and Body Mist,Spring,Casual
55876,Men,Lips,Spring,Casual
55877,Women,Perfume and Body Mist,Spring,Casual
55878,Men,Perfume and Body Mist,Spring,Casual
55879,Men,Perfume and Body Mist,Spring,Casual
55880,Women,Perfume and Body Mist,Spring,Casual
55881,Women,Lips,Spring,Casual
55882,Women,Perfume and Body Mist,Spring,Casual
55883,Girls,Perfume and Body Mist,Spring,Casual
55884,Women,Perfume and Body Mist,Spring,Casual
55885,Women,Perfume and Body Mist,Spring,Casual
55886,Women,Mobile Pouch,Spring,Casual
55887,Men,Perfume and Body Mist,Spring,Casual
55888,Women,Perfume and Body Mist,Spring,Casual
55889,Men,Perfume and Body Mist,Spring,Casual
55890,Women,Perfume and Body Mist,Spring,Casual
55891,Men,Perfume and Body Mist,Spring,Casual
55892,Women,Perfume and Body Mist,Spring,Casual
55893,Women,Lips,Spring,Casual
55894,Women,Perfume and Body Mist,Spring,Casual
55895,Women,Perfume and Body Mist,Spring,Casual
55896,Women,Perfume and Body Mist,Spring,Casual
55897,Women,Lips,Spring,Casual
55898,Women,Perfume and Body Mist,Spring,Casual
55899,Women,Lips,Spring,Casual
55900,Women,Perfume and Body Mist,Spring,Casual
55901,Girls,Perfume and Body Mist,Spring,Casual
55902,Women,Perfume and Body Mist,Spring,Casual
55903,Women,Perfume and Body Mist,Spring,Casual
55904,Men,Perfume and Body Mist,Spring,Casual
55905,Boys,Perfume and Body Mist,Spring,Casual
55906,Men,Perfume and Body Mist,Spring,Casual
55907,Men,Perfume and Body Mist,Spring,Casual
55909,Women,Perfume and Body Mist,Spring,Casual
55910,Men,Perfume and Body Mist,Spring,Casual
55911,Men,Perfume and Body Mist,Spring,Casual
55912,Men,Perfume and Body Mist,Spring,Casual
55913,Women,Perfume and Body Mist,Spring,Casual
55914,Men,Perfume and Body Mist,Spring,Casual
55915,Men,Perfume and Body Mist,Spring,Casual
55916,Men,Perfume and Body Mist,Spring,Casual
55917,Men,Perfume and Body Mist,Spring,Casual
55918,Men,Perfume and Body Mist,Spring,Casual
55919,Women,Perfume and Body Mist,Spring,Casual
55920,Men,Perfume and Body Mist,Spring,Casual
55921,Men,Perfume and Body Mist,Spring,Casual
55922,Men,Perfume and Body Mist,Spring,Casual
55923,Men,Perfume and Body Mist,Spring,Casual
55924,Men,Perfume and Body Mist,Spring,Casual
55925,Men,Perfume and Body Mist,Spring,Casual
55926,Men,Perfume and Body Mist,Spring,Casual
55927,Men,Perfume and Body Mist,Spring,Casual
55928,Men,Perfume and Body Mist,Spring,Casual
55929,Men,Perfume and Body Mist,Spring,Casual
55930,Men,Perfume and Body Mist,Spring,Casual
55931,Men,Perfume and Body Mist,Spring,Casual
55932,Men,Perfume and Body Mist,Spring,Casual
55933,Men,Perfume and Body Mist,Spring,Casual
55935,Men,Perfume and Body Mist,Spring,Casual
55936,Men,Perfume and Body Mist,Spring,Casual
55937,Men,Perfume and Body Mist,Spring,Casual
55938,Men,Perfume and Body Mist,Spring,Casual
55939,Men,Perfume and Body Mist,Spring,Casual
55940,Men,Perfume and Body Mist,Spring,Casual
55941,Men,Perfume and Body Mist,Spring,Casual
55942,Men,Perfume and Body Mist,Spring,Casual
55943,Men,Perfume and Body Mist,Spring,Casual
55944,Men,Perfume and Body Mist,Spring,Casual
55945,Men,Perfume and Body Mist,Spring,Casual
55946,Men,Perfume and Body Mist,Spring,Casual
55947,Men,Perfume and Body Mist,Spring,Casual
55948,Men,Perfume and Body Mist,Spring,Casual
55949,Men,Perfume and Body Mist,Spring,Casual
55950,Men,Perfume and Body Mist,Spring,Casual
55951,Men,Perfume and Body Mist,Spring,Casual
55952,Men,Perfume and Body Mist,Spring,Casual
55953,Men,Perfume and Body Mist,Spring,Casual
55954,Women,Lips,Spring,Casual
55955,Men,Perfume and Body Mist,Spring,Casual
55956,Women,Lips,Fall,Sports
55957,Men,Lips,Spring,Sports
55958,Women,Lips,Fall,Casual
55959,Men,Lips,Spring,Sports
55960,Unisex,Lips,Spring,Sports
55961,Men,Lips,Spring,Sports
55962,Women,Lips,Spring,Casual
55963,Women,Wallets,Spring,Casual
55964,Women,Lips,Spring,Casual
55965,Men,Perfume and Body Mist,Spring,Casual
55966,Men,Lips,Spring,Casual
55967,Men,Lips,Spring,Casual
55968,Men,Perfume and Body Mist,Spring,Casual
55969,Men,Lips,Spring,Casual
55970,Men,Lips,Spring,Casual
55971,Men,Lips,Spring,Casual
55972,Men,Lips,Summer,Casual
55973,Men,Lips,Spring,Casual
55974,Men,Lips,Spring,Casual
55975,Men,Perfume and Body Mist,Spring,Casual
55976,Men,Lips,Spring,Casual
55977,Women,Scarves,Spring,Casual
55978,Women,Lips,Spring,Casual
55979,Women,Lips,Spring,Sports
55980,Men,Lips,Spring,Casual
55981,Men,Perfume and Body Mist,Spring,Casual
55982,Women,Lips,Spring,Casual
55983,Men,Perfume and Body Mist,Spring,Casual
55984,Men,Perfume and Body Mist,Spring,Casual
55985,Men,Lips,Spring,Casual
55986,Men,Perfume and Body Mist,Spring,Casual
55987,Men,Lips,Spring,Casual
55988,Men,Lips,Spring,Casual
55989,Women,Scarves,Summer,Casual
55990,Men,Lips,Spring,Casual
55991,Unisex,Lips,Spring,Casual
55992,Men,Lips,Spring,Casual
55993,Men,Lips,Spring,Casual
55994,Men,Lips,Spring,Casual
55995,Men,Lips,Spring,Casual
55996,Men,Lips,Spring,Casual
55997,Men,Lips,Spring,Casual
55998,Men,Perfume and Body Mist,Spring,Casual
55999,Men,Lips,Spring,Casual
56000,Men,Lips,Spring,Casual
56001,Men,Lips,Spring,Casual
56002,Men,Lips,Spring,Casual
56003,Men,Perfume and Body Mist,Spring,Casual
56004,Men,Lips,Spring,Casual
56005,Men,Lips,Spring,Casual
56006,Men,Lips,Spring,Casual
56007,Men,Lips,Spring,Casual
56008,Men,Lips,Winter,Casual
56009,Women,Lips,Spring,Casual
56010,Men,Lips,Spring,Casual
56011,Women,Lips,Spring,Casual
56012,Men,Lips,Spring,Casual
56013,Men,Lips,Spring,Casual
56014,Men,Lips,Spring,Sports
56015,Women,Lips,Spring,Casual
56016,Women,Lips,Summer,Sports
56017,Women,Lips,Spring,Casual
56018,Men,Lips,Spring,Casual
56019,Men,Lips,Spring,Casual
56020,Men,Lips,Spring,Casual
56021,Men,Lips,Spring,Casual
56022,Men,Lips,Spring,Casual
56023,Men,Lips,Spring,Casual
56024,Men,Lips,Spring,Casual
56025,Men,Lips,Spring,Casual
56026,Men,Lips,Spring,Casual
56027,Men,Lips,Spring,Casual
56028,Men,Lips,Spring,Casual
56029,Men,Lips,Spring,Casual
56030,Men,Lips,Spring,Casual
56031,Men,Lips,Spring,Casual
56032,Men,Lips,Spring,Casual
56033,Men,Lips,Spring,Casual
56034,Men,Lips,Spring,Sports
56035,Men,Lips,Spring,Casual
56036,Women,Lips,Spring,Sports
56037,Men,Lips,Spring,Casual
56038,Men,Lips,Spring,Casual
56039,Women,Lips,Spring,Casual
56040,Men,Lips,Spring,Casual
56041,Men,Lips,Spring,Casual
56042,Women,Lips,Spring,Casual
56043,Men,Lips,Spring,Casual
56044,Men,Lips,Spring,Casual
56045,Men,Lips,Spring,Casual
56046,Women,Lips,Spring,Casual
56047,Men,Lips,Spring,Casual
56048,Men,Lips,Spring,Casual
56049,Men,Lips,Spring,Casual
56050,Men,Lips,Spring,Casual
56051,Women,Lips,Spring,Casual
56052,Men,Lips,Spring,Casual
56053,Women,Lips,Spring,Casual
56054,Women,Eyes,Spring,Casual
56055,Men,Lips,Spring,Casual
56056,Men,Lips,Spring,Casual
56057,Women,Lips,Spring,Casual
56058,Women,Lips,Spring,Casual
56059,Women,Lips,Spring,Casual
56060,Men,Lips,Spring,Casual
56061,Women,Lips,Spring,Casual
56062,Women,Lips,Spring,Casual
56063,Women,Lips,Spring,Casual
56064,Men,Eyes,Spring,Casual
56065,Women,Lips,Spring,Casual
56066,Women,Lips,Spring,Casual
56067,Men,Lips,Fall,Sports
56068,Men,Perfume and Body Mist,Summer,Casual
56069,Girls,Perfume and Body Mist,Spring,Casual
56070,Women,Eyes,Spring,Casual
56071,Women,Lips,Fall,Casual
56072,Men,Eyes,Spring,Casual
56073,Women,Eyes,Spring,Casual
56074,Men,Lips,Spring,Casual
56075,Women,Makeup,Spring,Casual
56076,Women,Eyes,Spring,Casual
56077,Women,Eyes,Spring,Casual
56078,Women,Lips,Spring,Casual
56079,Women,Lips,Spring,Casual
56080,Men,Lips,Spring,Casual
56081,Men,Lips,Spring,Casual
56082,Men,Lips,Spring,Casual
56083,Men,Lips,Spring,Casual
56084,Men,Lips,Spring,Casual
56085,Women,Lips,Spring,Casual
56086,Men,Lips,Spring,Casual
56087,Men,Lips,Spring,Casual
56088,Men,Lips,Spring,Casual
56089,Men,Lips,Spring,Casual
56090,Men,Lips,Spring,Casual
56091,Women,Lips,Spring,Casual
56092,Men,Lips,Spring,Casual
56093,Women,Lips,Spring,Casual
56094,Men,Makeup,Spring,Casual
56095,Women,Lips,Spring,Casual
56096,Men,Lips,Spring,Casual
56097,Men,Lips,Spring,Casual
56098,Men,Lips,Spring,Casual
56099,Men,Lips,Spring,Casual
56100,Men,Lips,Spring,Casual
56101,Men,Lips,Spring,Casual
56102,Men,Lips,Spring,Casual
56103,Men,Perfume and Body Mist,Spring,Casual
56104,Men,Lips,Spring,Casual
56105,Men,Lips,Spring,Casual
56106,Men,Lips,Spring,Casual
56107,Men,Lips,Spring,Casual
56108,Men,Lips,Spring,Casual
56109,Men,Perfume and Body Mist,Spring,Casual
56110,Men,Perfume and Body Mist,Spring,Casual
56111,Men,Perfume and Body Mist,Spring,Casual
56112,Men,Perfume and Body Mist,Spring,Casual
56113,Men,Perfume and Body Mist,Spring,Casual
56114,Women,Perfume and Body Mist,Spring,Casual
56115,Men,Perfume and Body Mist,Spring,Casual
56116,Men,Perfume and Body Mist,Spring,Casual
56117,Women,Perfume and Body Mist,Spring,Casual
56118,Men,Perfume and Body Mist,Spring,Casual
56119,Men,Perfume and Body Mist,Spring,Casual
56120,Men,Perfume and Body Mist,Spring,Casual
56121,Women,Lips,Spring,Casual
56122,Men,Makeup,Spring,Casual
56123,Men,Makeup,Spring,Casual
56124,Men,Makeup,Spring,Casual
56125,Men,Perfume and Body Mist,Spring,Casual
56126,Women,Perfume and Body Mist,Spring,Casual
56127,Women,Makeup,Spring,Casual
56128,Women,Lips,Spring,Casual
56129,Women,Lips,Spring,Casual
56133,Women,Perfume and Body Mist,Spring,Casual
56134,Women,Perfume and Body Mist,Spring,Casual
56135,Men,Perfume and Body Mist,Spring,Casual
56136,Men,Perfume and Body Mist,Spring,Casual
56137,Men,Perfume and Body Mist,Spring,Casual
56138,Men,Perfume and Body Mist,Spring,Casual
56139,Men,Perfume and Body Mist,Spring,Casual
56140,Men,Perfume and Body Mist,Spring,Casual
56141,Men,Perfume and Body Mist,Winter,Casual
56142,Men,Perfume and Body Mist,Spring,Casual
56143,Men,Sports Shoes,Winter,Sports
56144,Women,Heels,Winter,Casual
56145,Men,Heels,Winter,Casual
56146,Men,Sports Shoes,Winter,Sports
56147,Men,Heels,Winter,Sports
56148,Women,Heels,Winter,Casual
56149,Women,Eyes,Spring,Casual
56150,Women,Eyes,Spring,Casual
56151,Men,Eyes,Spring,Casual
56152,Women,Lips,Spring,Casual
56153,Women,Eyes,Spring,Casual
56154,Women,Perfume and Body Mist,Spring,Casual
56155,Men,Lips,Spring,Casual
56156,Women,Eyes,Spring,Casual
56157,Women,Perfume and Body Mist,Spring,Casual
56158,Women,Eyes,Spring,Casual
56159,Women,Eyes,Summer,Casual
56160,Women,Eyes,Summer,Casual
56161,Women,Lips,Spring,Casual
56162,Men,Eyes,Spring,Casual
56164,Men,Eyes,Spring,Casual
56165,Women,Eyes,Spring,Casual
56166,Women,Trunk,Spring,Casual
56167,Women,Makeup,Spring,Casual
56168,Women,Lips,Spring,Casual
56170,Men,Perfume and Body Mist,Spring,Casual
56171,Women,Lips,Spring,Casual
56172,Women,Lips,Spring,Casual
56173,Men,Lips,Spring,Casual
56174,Men,Lips,Spring,Casual
56175,Men,Lips,Spring,Casual
56176,Men,Lips,Spring,Casual
56177,Men,Lips,Spring,Casual
56178,Men,Perfume and Body Mist,Spring,Casual
56179,Men,Perfume and Body Mist,Spring,Casual
56180,Men,Perfume and Body Mist,Spring,Casual
56181,Men,Heels,Spring,Casual
56182,Men,Heels,Spring,Casual
56183,Men,Flats,Fall,Casual
56184,Men,Flats,Spring,Casual
56185,Women,Makeup,Winter,Casual
56186,Women,Makeup,Spring,Casual
56187,Women,Makeup,Spring,Casual
56188,Women,Makeup,Spring,Casual
56189,Men,Watches,Spring,Casual
56190,Women,Socks,Summer,Casual
56191,Men,Socks,Fall,Casual
56192,Men,Socks,Fall,Casual
56193,Women,Perfume and Body Mist,Spring,Casual
56194,Men,Perfume and Body Mist,Spring,Casual
56195,Unisex,Makeup,Winter,Casual
56196,Men,Perfume and Body Mist,Summer,Casual
56198,Women,Bangle,Summer,Casual
56199,Women,Jewellery Set,Winter,Casual
56201,Women,Jewellery Set,Winter,Casual
56202,Women,Earrings,Summer,Casual
56203,Women,Pendant,Summer,Casual
56205,Women,Pendant,Summer,Casual
56206,Women,Earrings,Summer,Casual
56207,Women,Pendant,Winter,Casual
56208,Women,Pendant,Summer,Casual
56209,Women,Pendant,Summer,Casual
56210,Women,Pendant,Summer,Casual
56211,Women,Earrings,Summer,Casual
56212,Women,Pendant,Winter,Casual
56213,Women,Earrings,Summer,Casual
56214,Women,Earrings,Winter,Ethnic
56215,Women,Earrings,Winter,Ethnic
56216,Women,Earrings,Winter,Ethnic
56217,Boys,Jewellery Set,Summer,Sports
56218,Women,Jewellery Set,Winter,Casual
56219,Women,Jewellery Set,Winter,Casual
56220,Women,Jewellery Set,Winter,Casual
56221,Men,Night suits,Fall,Casual
56222,Women,Night suits,Summer,Casual
56223,Women,Sarees,Summer,Ethnic
56224,Women,Leggings,Summer,Casual
56225,Women,Tracksuits,Summer,Casual
56226,Men,Tracksuits,Summer,Casual
56227,Men,Night suits,Fall,Casual
56228,Women,Night suits,Summer,Casual
56229,Women,Night suits,Summer,Casual
56230,Women,Tracksuits,Summer,Ethnic
56231,Women,Night suits,Summer,Ethnic
56232,Men,Jeans,Summer,Casual
56233,Women,Night suits,Fall,Casual
56234,Men,Tracksuits,Summer,Ethnic
56235,Women,Night suits,Fall,Casual
56236,Men,Night suits,Summer,Casual
56237,Men,Jeans,Summer,Casual
56238,Men,Tracksuits,Fall,Casual
56239,Women,Night suits,Summer,Casual
56240,Women,Night suits,Summer,Casual
56241,Men,Night suits,Fall,Casual
56243,Women,Night suits,Summer,Casual
56244,Women,Jeans,Summer,Casual
56245,Women,Jeans,Fall,Casual
56247,Men,Night suits,Summer,Ethnic
56248,Women,Track Pants,Summer,Ethnic
56249,Women,Night suits,Summer,Casual
56250,Men,Tracksuits,Summer,Casual
56251,Women,Tracksuits,Summer,Ethnic
56252,Women,Night suits,Summer,Casual
56253,Women,Night suits,Fall,Casual
56254,Men,Night suits,Summer,Casual
56255,Men,Night suits,Summer,Casual
56256,Women,Night suits,Summer,Casual
56257,Women,Capris,Summer,Ethnic
56258,Men,Night suits,Fall,Casual
56260,Men,Night suits,Summer,Casual
56261,Women,Night suits,Summer,Casual
56262,Men,Night suits,Summer,Ethnic
56263,Women,Night suits,Summer,Ethnic
56265,Women,Night suits,Summer,Ethnic
56266,Women,Night suits,Summer,Casual
56267,Women,Night suits,Summer,Casual
56268,Women,Night suits,Summer,Ethnic
56269,Women,Night suits,Summer,Ethnic
56270,Women,Bra,Winter,Casual
56271,Women,Bra,Summer,Casual
56272,Women,Bra,Summer,Casual
56273,Women,Bra,Spring,Casual
56274,Women,Bra,Summer,Casual
56275,Women,Bra,Summer,Casual
56276,Women,Bra,Winter,Casual
56277,Women,Bra,Winter,Casual
56278,Women,Bra,Winter,Casual
56279,Women,Bra,Winter,Casual
56280,Women,Bra,Summer,Casual
56281,Women,Bra,Summer,Casual
56282,Women,Bra,Summer,Casual
56283,Women,Bra,Winter,Casual
56284,Women,Bra,Winter,Casual
56285,Women,Bra,Summer,Casual
56286,Women,Bra,Summer,Casual
56287,Women,Bra,Winter,Casual
56288,Women,Bra,Summer,Casual
56289,Women,Bra,Summer,Casual
56290,Men,Briefs,Summer,Casual
56291,Women,Briefs,Summer,Casual
56292,Women,Bra,Summer,Casual
56293,Women,Bra,Summer,Casual
56294,Women,Bra,Summer,Casual
56295,Women,Bra,Summer,Casual
56296,Women,Briefs,Summer,Casual
56297,Women,Briefs,Summer,Casual
56298,Women,Bra,Summer,Casual
56299,Women,Bra,Summer,Casual
56300,Women,Bra,Spring,Casual
56301,Women,Bra,Summer,Casual
56302,Women,Bra,Spring,Casual
56303,Women,Briefs,Summer,Casual
56304,Women,Briefs,Summer,Casual
56305,Women,Briefs,Summer,Casual
56306,Men,Bra,Summer,Casual
56307,Women,Bra,Spring,Casual
56308,Women,Briefs,Summer,Casual
56309,Women,Briefs,Summer,Casual
56310,Women,Bra,Summer,Casual
56311,Women,Bra,Summer,Casual
56312,Women,Watches,Winter,Casual
56313,Unisex,Watches,Winter,Casual
56314,Women,Watches,Winter,Casual
56315,Men,Watches,Winter,Casual
56316,Women,Watches,Winter,Casual
56317,Women,Watches,Winter,Casual
56318,Men,Watches,Winter,Casual
56319,Unisex,Watches,Winter,Casual
56320,Women,Watches,Winter,Casual
56321,Women,Watches,Winter,Casual
56322,Women,Watches,Winter,Casual
56323,Women,Watches,Winter,Casual
56324,Women,Watches,Winter,Casual
56326,Men,Watches,Winter,Casual
56327,Men,Watches,Winter,Casual
56329,Men,Watches,Winter,Casual
56330,Men,Watches,Winter,Casual
56331,Unisex,Watches,Winter,Casual
56332,Men,Watches,Winter,Casual
56333,Men,Watches,Winter,Casual
56335,Men,Watches,Winter,Formal
56336,Men,Watches,Winter,Casual
56337,Men,Watches,Winter,Formal
56338,Men,Watches,Winter,Casual
56339,Men,Watches,Summer,Casual
56340,Men,Watches,Winter,Casual
56341,Men,Watches,Winter,Casual
56342,Men,Watches,Winter,Casual
56343,Men,Free Gifts,Winter,Casual
56344,Women,Watches,Winter,Casual
56346,Men,Watches,Winter,Casual
56348,Men,Watches,Winter,Casual
56349,Men,Perfume and Body Mist,Spring,Casual
56351,Men,Perfume and Body Mist,Spring,Casual
56352,Men,Perfume and Body Mist,Spring,Casual
56353,Men,Perfume and Body Mist,Spring,Casual
56354,Men,Perfume and Body Mist,Spring,Casual
56355,Men,Fragrance Gift Set,Spring,Casual
56356,Men,Deodorant,Spring,Sports
56359,Men,Perfume and Body Mist,Spring,Casual
56360,Men,Perfume and Body Mist,Spring,Casual
56361,Men,Perfume and Body Mist,Spring,Casual
56362,Women,Perfume and Body Mist,Spring,Casual
56363,Women,Perfume and Body Mist,Spring,Casual
56364,Women,Perfume and Body Mist,Spring,Casual
56365,Men,Perfume and Body Mist,Spring,Casual
56366,Men,Perfume and Body Mist,Spring,Casual
56367,Men,Perfume and Body Mist,Spring,Casual
56368,Men,Perfume and Body Mist,Spring,Casual
56375,Women,Perfume and Body Mist,Spring,Casual
56376,Men,Perfume and Body Mist,Spring,Casual
56377,Women,Perfume and Body Mist,Spring,Casual
56378,Women,Perfume and Body Mist,Spring,Casual
56379,Women,Perfume and Body Mist,Spring,Casual
56380,Women,Perfume and Body Mist,Spring,Casual
56381,Women,Perfume and Body Mist,Spring,Casual
56385,Men,Perfume and Body Mist,Spring,Casual
56386,Men,Innerwear Vests,Spring,Casual
56388,Men,Perfume and Body Mist,Spring,Casual
56389,Women,Perfume and Body Mist,Spring,Casual
56390,Women,Perfume and Body Mist,Spring,Casual
56391,Men,Perfume and Body Mist,Spring,Casual
56392,Men,Perfume and Body Mist,Spring,Casual
56393,Men,Perfume and Body Mist,Spring,Casual
56394,Men,Perfume and Body Mist,Spring,Casual
56395,Men,Perfume and Body Mist,Spring,Casual
56402,Women,Heels,Winter,Casual
56403,Women,Flats,Winter,Casual
56404,Women,Flats,Winter,Sports
56405,Women,Flats,Winter,Casual
56406,Women,Flats,Winter,Casual
56407,Women,Flats,Winter,Casual
56410,Men,Formal Shoes,Winter,Formal
56411,Men,Sandals,Fall,Casual
56412,Men,Sandals,Fall,Casual
56413,Men,Sandals,Winter,Casual
56414,Men,Sandals,Fall,Casual
56415,Men,Sandals,Summer,Casual
56416,Women,Bra,Spring,Casual
56417,Women,Bra,Spring,Casual
56418,Women,Bra,Summer,Casual
56419,Women,Bra,Summer,Casual
56420,Women,Bra,Summer,Casual
56421,Women,Bra,Summer,Casual
56422,Women,Bra,Summer,Casual
56423,Women,Bra,Winter,Casual
56424,Men,Sports Equipment,Summer,Casual
56425,Women,Mobile Pouch,Fall,Casual
56427,Unisex,Mobile Pouch,Spring,Casual
56428,Women,Handbags,Spring,Casual
56429,Boys,Casual Shoes,Spring,Casual
56432,Women,Perfume and Body Mist,Spring,Casual
56436,Women,Nails,Spring,Casual
56440,Women,Nails,Spring,Casual
56443,Men,Perfume and Body Mist,Spring,Casual
56444,Men,Nails,Spring,Casual
56446,Men,Perfume and Body Mist,Spring,Casual
56447,Men,Perfume and Body Mist,Spring,Casual
56448,Women,Nails,Spring,Casual
56450,Men,Perfume and Body Mist,Spring,Casual
56451,Men,Perfume and Body Mist,Spring,Casual
56452,Men,Nails,Spring,Casual
56454,Women,Perfume and Body Mist,Spring,Casual
56455,Men,Perfume and Body Mist,Spring,Casual
56456,Men,Perfume and Body Mist,Spring,Casual
56458,Women,Nails,Spring,Casual
56460,Men,Perfume and Body Mist,Spring,Casual
56461,Men,Nails,Spring,Casual
56462,Men,Perfume and Body Mist,Spring,Casual
56463,Women,Nails,Spring,Casual
56464,Men,Perfume and Body Mist,Spring,Casual
56465,Men,Perfume and Body Mist,Spring,Casual
56466,Men,Nails,Spring,Casual
56467,Men,Perfume and Body Mist,Spring,Casual
56468,Men,Perfume and Body Mist,Spring,Casual
56469,Men,Perfume and Body Mist,Spring,Casual
56470,Women,Nails,Spring,Casual
56471,Women,Perfume and Body Mist,Spring,Casual
56472,Men,Nails,Spring,Casual
56473,Men,Nails,Spring,Casual
56474,Men,Perfume and Body Mist,Spring,Casual
56475,Men,Perfume and Body Mist,Spring,Casual
56476,Men,Perfume and Body Mist,Spring,Casual
56477,Men,Perfume and Body Mist,Spring,Casual
56478,Men,Perfume and Body Mist,Spring,Casual
56479,Men,Perfume and Body Mist,Spring,Casual
56480,Men,Perfume and Body Mist,Spring,Casual
56481,Men,Nails,Spring,Casual
56482,Men,Perfume and Body Mist,Spring,Casual
56483,Men,Perfume and Body Mist,Spring,Casual
56484,Men,Perfume and Body Mist,Spring,Casual
56485,Men,Nails,Spring,Casual
56486,Men,Nails,Spring,Casual
56488,Men,Perfume and Body Mist,Spring,Casual
56489,Men,Perfume and Body Mist,Spring,Casual
56490,Men,Makeup,Spring,Casual
56491,Men,Perfume and Body Mist,Spring,Casual
56492,Men,Perfume and Body Mist,Spring,Casual
56493,Men,Perfume and Body Mist,Spring,Casual
56494,Men,Perfume and Body Mist,Spring,Casual
56495,Men,Perfume and Body Mist,Spring,Casual
56496,Women,Nails,Spring,Casual
56497,Women,Nails,Spring,Casual
56498,Men,Nails,Spring,Casual
56499,Men,Perfume and Body Mist,Spring,Casual
56500,Men,Perfume and Body Mist,Spring,Casual
56501,Men,Perfume and Body Mist,Spring,Casual
56502,Men,Nails,Spring,Casual
56503,Men,Nails,Spring,Casual
56504,Women,Nails,Spring,Casual
56505,Men,Nails,Spring,Casual
56506,Women,Lips,Spring,Casual
56507,Women,Lips,Spring,Casual
56508,Unisex,Lips,Spring,Casual
56509,Unisex,Lips,Spring,Casual
56511,Unisex,Lips,Spring,Casual
56512,Unisex,Lips,Spring,Casual
56513,Unisex,Lips,Spring,Casual
56515,Men,Lips,Spring,Casual
56516,Men,Lips,Spring,Casual
56517,Unisex,Lips,Spring,Casual
56518,Men,Lips,Spring,Casual
56519,Women,Lips,Spring,Casual
56520,Unisex,Lips,Spring,Casual
56521,Unisex,Lips,Spring,Casual
56522,Unisex,Lips,Spring,Casual
56523,Unisex,Lips,Spring,Casual
56524,Unisex,Lips,Spring,Casual
56525,Unisex,Lips,Spring,Casual
56526,Unisex,Lips,Spring,Casual
56527,Men,Lips,Spring,Sports
56528,Men,Lips,Spring,Sports
56529,Unisex,Lips,Spring,Casual
56530,Unisex,Lips,Spring,Casual
56531,Unisex,Lips,Spring,Casual
56532,Unisex,Lips,Spring,Casual
56533,Unisex,Lips,Spring,Casual
56534,Unisex,Lips,Spring,Casual
56535,Unisex,Lips,Spring,Casual
56536,Unisex,Lips,Spring,Casual
56537,Unisex,Lips,Spring,Casual
56539,Unisex,Lips,Spring,Casual
56540,Unisex,Lips,Spring,Casual
56541,Unisex,Lips,Spring,Casual
56542,Men,Lips,Spring,Casual
56543,Men,Perfume and Body Mist,Spring,Casual
56544,Women,Makeup,Spring,Casual
56545,Women,Makeup,Spring,Casual
56546,Women,Perfume and Body Mist,Spring,Casual
56547,Women,Makeup,Spring,Casual
56548,Women,Makeup,Spring,Casual
56549,Women,Makeup,Spring,Casual
56550,Women,Eyes,Spring,Casual
56551,Women,Lips,Spring,Casual
56553,Women,Deodorant,Spring,Casual
56554,Women,Deodorant,Spring,Casual
56555,Women,Lips,Spring,Casual
56556,Men,Lips,Spring,Casual
56558,Men,Lips,Spring,Casual
56559,Men,Lips,Spring,Casual
56560,Women,Lips,Spring,Casual
56561,Men,Lips,Spring,Casual
56562,Men,Lips,Spring,Casual
56563,Men,Lips,Spring,Casual
56564,Men,Lips,Spring,Casual
56565,Men,Lips,Spring,Casual
56566,Women,Lips,Spring,Casual
56568,Men,Perfume and Body Mist,Spring,Casual
56569,Men,Perfume and Body Mist,Spring,Casual
56570,Men,Perfume and Body Mist,Spring,Casual
56571,Women,Perfume and Body Mist,Spring,Casual
56572,Women,Nails,Spring,Casual
56573,Women,Perfume and Body Mist,Spring,Casual
56574,Men,Perfume and Body Mist,Winter,Casual
56575,Men,Lips,Spring,Sports
56576,Men,Lips,Spring,Sports
56579,Women,Perfume and Body Mist,Spring,Casual
56580,Men,Perfume and Body Mist,Spring,Casual
56581,Women,Wallets,Spring,Casual
56582,Women,Wallets,Summer,Casual
56583,Women,Deodorant,Spring,Casual
56584,Women,Deodorant,Spring,Casual
56585,Men,Deodorant,Spring,Casual
56588,Women,Lips,Spring,Casual
56590,Men,Water Bottle,Spring,Casual
56591,Men,Perfume and Body Mist,Winter,Casual
56592,Men,Perfume and Body Mist,Winter,Casual
56593,Men,Perfume and Body Mist,Spring,Casual
56594,Women,Lips,Spring,Casual
56597,Women,Eyes,Spring,Casual
56598,Women,Eyes,Spring,Casual
56599,Women,Makeup,Spring,Casual
56600,Men,Makeup,Spring,Casual
56601,Women,Makeup,Spring,Casual
56602,Women,Makeup,Spring,Casual
56603,Women,Makeup,Spring,Casual
56604,Women,Makeup,Spring,Casual
56605,Women,Lips,Spring,Casual
56606,Men,Watches,Spring,Casual
56607,Women,Makeup,Summer,Casual
56608,Women,Makeup,Summer,Casual
56609,Men,Makeup,Summer,Sports
56610,Men,Makeup,Summer,Sports
56611,Men,Makeup,Summer,Sports
56612,Women,Wallets,Winter,Casual
56613,Women,Shoe Accessories,Winter,Casual
56614,Women,Shoe Accessories,Winter,Casual
56615,Unisex,Wristbands,Spring,Casual
56616,Women,Wristbands,Spring,Casual
56617,Women,Perfume and Body Mist,Spring,Casual
56618,Men,Shoe Accessories,Spring,Sports
56619,Men,Sports Equipment,Summer,Casual
56620,Men,Perfume and Body Mist,Spring,Casual
56622,Women,Perfume and Body Mist,Spring,Casual
56624,Women,Perfume and Body Mist,Spring,Casual
56626,Men,Perfume and Body Mist,Fall,Casual
56627,Women,Deodorant,Spring,Casual
56631,Men,Deodorant,Spring,Casual
56632,Women,Perfume and Body Mist,Spring,Casual
56634,Men,Socks,Spring,Casual
56638,Women,Tunics,Summer,Ethnic
56639,Women,Kurtis,Summer,Ethnic
56640,Women,Kurtis,Summer,Ethnic
56642,Women,Kurtis,Fall,Ethnic
56643,Women,Kurtis,Summer,Sports
56646,Women,Tops,Summer,Casual
56647,Women,Tshirts,Summer,Casual
56649,Women,Tops,Summer,Casual
56650,Women,Tops,Summer,Casual
56651,Women,Tops,Summer,Ethnic
56652,Men,Formal Shoes,Winter,Formal
56653,Men,Casual Shoes,Summer,Casual
56654,Men,Casual Shoes,Summer,Casual
56655,Men,Casual Shoes,Fall,Sports
56656,Men,Casual Shoes,Summer,Sports
56657,Men,Casual Shoes,Summer,Casual
56658,Men,Casual Shoes,Summer,Casual
56659,Men,Formal Shoes,Fall,Formal
56660,Men,Sandals,Summer,Casual
56661,Men,Sandals,Summer,Casual
56662,Men,Casual Shoes,Summer,Sports
56663,Men,Formal Shoes,Winter,Formal
56664,Men,Sandals,Summer,Casual
56665,Men,Formal Shoes,Winter,Formal
56666,Men,Casual Shoes,Summer,Casual
56667,Men,Watches,Winter,Casual
56668,Men,Watches,Winter,Casual
56669,Men,Watches,Winter,Casual
56670,Men,Watches,Winter,Casual
56671,Men,Watches,Winter,Casual
56672,Men,Watches,Winter,Casual
56673,Men,Watches,Winter,Casual
56674,Men,Watches,Winter,Casual
56675,Men,Watches,Winter,Casual
56676,Men,Watches,Winter,Casual
56677,Men,Watches,Winter,Casual
56678,Men,Watches,Winter,Casual
56679,Women,Heels,Summer,Casual
56680,Women,Heels,Summer,Casual
56681,Men,Watches,Winter,Casual
56682,Men,Watches,Winter,Casual
56684,Women,Sarees,Summer,Ethnic
56685,Women,Sarees,Summer,Ethnic
56686,Women,Sarees,Summer,Ethnic
56687,Women,Sarees,Summer,Ethnic
56688,Men,Kurtas,Summer,Ethnic
56689,Women,Kurtas,Summer,Ethnic
56691,Men,Kurtas,Summer,Ethnic
56692,Men,Kurtas,Summer,Ethnic
56693,Men,Kurtis,Summer,Ethnic
56694,Men,Tunics,Summer,Ethnic
56695,Men,Shirts,Summer,Casual
56696,Men,Tshirts,Summer,Casual
56697,Men,Shirts,Summer,Casual
56698,Women,Tshirts,Summer,Casual
56699,Men,Kurtis,Summer,Casual
56700,Men,Tshirts,Summer,Ethnic
56701,Men,Tshirts,Summer,Casual
56702,Men,Shirts,Summer,Casual
56703,Men,Tshirts,Summer,Casual
56704,Men,Tshirts,Summer,Casual
56705,Women,Kurtas,Summer,Ethnic
56709,Women,Kurtas,Summer,Ethnic
56711,Women,Kurtas,Summer,Ethnic
56713,Women,Kurtas,Summer,Ethnic
56714,Women,Kurtas,Summer,Ethnic
56715,Women,Kurtas,Summer,Ethnic
56718,Women,Kurtas,Summer,Ethnic
56720,Men,Casual Shoes,Summer,Casual
56721,Men,Casual Shoes,Summer,Sports
56722,Men,Casual Shoes,Summer,Sports
56723,Men,Casual Shoes,Summer,Casual
56724,Men,Flip Flops,Summer,Casual
56725,Men,Tshirts,Summer,Casual
56733,Men,Tshirts,Summer,Casual
56734,Men,Innerwear Vests,Summer,Casual
56736,Men,Tshirts,Fall,Sports
56752,Men,Tshirts,Summer,Casual
56753,Men,Tshirts,Summer,Casual
56765,Men,Jackets,Summer,Casual
56769,Men,Shirts,Summer,Casual
56770,Men,Shirts,Summer,Casual
56771,Men,Shirts,Summer,Casual
56787,Men,Shirts,Summer,Casual
56795,Men,Jeans,Summer,Casual
56798,Men,Jeans,Summer,Casual
56805,Women,Kurta Sets,Summer,Ethnic
56806,Women,Kurtas,Summer,Ethnic
56807,Women,Tunics,Summer,Ethnic
56808,Women,Kurtas,Summer,Casual
56809,Women,Kurtis,Summer,Ethnic
56810,Men,Kurtas,Summer,Ethnic
56811,Women,Kurtis,Summer,Ethnic
56812,Women,Kurtas,Summer,Ethnic
56813,Women,Kurtis,Summer,Ethnic
56814,Women,Tunics,Summer,Ethnic
56815,Women,Kurtas,Summer,Ethnic
56816,Men,Shirts,Summer,Casual
56817,Women,Innerwear Vests,Summer,Casual
56818,Men,Tshirts,Summer,Casual
56819,Men,Shirts,Summer,Casual
56820,Men,Shirts,Summer,Casual
56821,Men,Shorts,Summer,Sports
56822,Men,Shorts,Summer,Casual
56825,Men,Jackets,Summer,Casual
56827,Men,Jeans,Summer,Casual
56828,Women,Jeans,Summer,Casual
56829,Men,Jeans,Summer,Sports
56843,Men,Jeans,Summer,Casual
56844,Men,Jeans,Winter,Casual
56845,Men,Jeans,Winter,Sports
56846,Men,Jeans,Fall,Casual
56847,Men,Jeans,Summer,Casual
56849,Men,Jeans,Summer,Casual
56850,Men,Jeans,Summer,Sports
56852,Women,Jeans,Fall,Casual
56854,Men,Shirts,Summer,Sports
56855,Men,Shirts,Summer,Casual
56856,Men,Flip Flops,Spring,Casual
56857,Men,Flip Flops,Summer,Casual
56858,Men,Flip Flops,Fall,Casual
56859,Women,Flats,Winter,Casual
56860,Women,Flats,Winter,Casual
56861,Women,Flats,Winter,Casual
56862,Women,Flats,Winter,Casual
56863,Women,Heels,Winter,Formal
56864,Women,Heels,Winter,Casual
56865,Women,Flats,Fall,Casual
56866,Women,Flats,Winter,Casual
56867,Women,Flats,Summer,Casual
56868,Women,Flats,Summer,Casual
56869,Women,Flats,Summer,Casual
56870,Women,Flats,Winter,Casual
56871,Women,Heels,Winter,Casual
56872,Women,Heels,Summer,Casual
56873,Women,Flats,Winter,Casual
56874,Women,Flats,Summer,Casual
56875,Women,Heels,Winter,Casual
56876,Women,Heels,Winter,Casual
56877,Women,Heels,Winter,Ethnic
56878,Women,Heels,Winter,Casual
56879,Women,Heels,Winter,Casual
56880,Women,Heels,Winter,Sports
56881,Women,Heels,Winter,Casual
56882,Women,Heels,Winter,Casual
56883,Women,Heels,Winter,Casual
56884,Women,Flats,Winter,Casual
56885,Women,Flats,Winter,Casual
56886,Women,Heels,Winter,Casual
56887,Women,Heels,Winter,Casual
56888,Women,Flats,Winter,Casual
56889,Women,Flats,Winter,Casual
56890,Women,Flats,Fall,Casual
56891,Women,Flats,Winter,Casual
56893,Women,Flats,Summer,Casual
56894,Women,Heels,Summer,Sports
56895,Women,Heels,Winter,Sports
56896,Women,Heels,Winter,Casual
56897,Women,Heels,Winter,Casual
56898,Women,Heels,Winter,Casual
56899,Women,Heels,Winter,Casual
56900,Women,Heels,Winter,Casual
56901,Women,Heels,Winter,Casual
56902,Women,Flats,Winter,Casual
56903,Women,Flats,Winter,Casual
56904,Women,Flats,Winter,Casual
56905,Women,Flats,Winter,Casual
56906,Women,Flats,Winter,Casual
56907,Women,Heels,Winter,Casual
56908,Women,Flats,Winter,Casual
56909,Women,Flats,Fall,Casual
56910,Women,Flats,Summer,Casual
56911,Women,Flats,Summer,Casual
56912,Women,Flats,Summer,Casual
56913,Women,Flats,Fall,Casual
56914,Women,Flats,Winter,Casual
56915,Women,Heels,Winter,Casual
56916,Women,Flats,Winter,Casual
56917,Women,Flats,Summer,Casual
56918,Women,Flats,Winter,Casual
56919,Women,Flats,Winter,Casual
56920,Women,Heels,Winter,Casual
56921,Women,Heels,Summer,Casual
56922,Women,Heels,Winter,Casual
56923,Women,Flats,Winter,Casual
56924,Women,Flats,Winter,Casual
56925,Women,Flats,Winter,Casual
56926,Women,Flats,Summer,Casual
56927,Women,Heels,Winter,Casual
56928,Women,Heels,Winter,Casual
56929,Women,Heels,Winter,Casual
56930,Women,Heels,Winter,Casual
56931,Women,Heels,Winter,Casual
56932,Women,Flats,Fall,Casual
56933,Women,Heels,Winter,Casual
56934,Women,Heels,Fall,Casual
56935,Women,Flats,Winter,Casual
56936,Women,Heels,Winter,Casual
56937,Women,Heels,Winter,Casual
56938,Women,Heels,Winter,Casual
56939,Women,Heels,Winter,Casual
56940,Women,Heels,Winter,Casual
56941,Women,Heels,Winter,Casual
56942,Women,Heels,Winter,Casual
56943,Women,Heels,Winter,Casual
56944,Women,Heels,Winter,Casual
56945,Women,Heels,Winter,Casual
56946,Women,Heels,Winter,Casual
56947,Women,Heels,Winter,Casual
56948,Women,Flats,Fall,Casual
56949,Women,Heels,Winter,Casual
56950,Women,Heels,Winter,Casual
56951,Women,Heels,Winter,Casual
56952,Women,Heels,Winter,Casual
56953,Women,Heels,Winter,Casual
56954,Women,Heels,Winter,Sports
56955,Women,Heels,Winter,Casual
56956,Women,Flats,Winter,Casual
56957,Women,Flats,Winter,Casual
56958,Women,Flats,Fall,Casual
56959,Women,Flip Flops,Winter,Casual
56960,Women,Heels,Winter,Casual
56961,Women,Flats,Winter,Casual
56962,Women,Flats,Winter,Casual
56963,Women,Heels,Winter,Casual
56964,Women,Flats,Winter,Casual
56965,Women,Flats,Winter,Casual
56966,Women,Flats,Fall,Casual
56967,Women,Heels,Fall,Casual
56968,Women,Flats,Winter,Casual
56969,Women,Flats,Winter,Casual
56970,Women,Flats,Winter,Casual
56971,Women,Flats,Winter,Casual
56972,Women,Flats,Winter,Casual
56973,Women,Flats,Winter,Casual
56974,Women,Flats,Winter,Casual
56975,Women,Flats,Winter,Casual
56976,Women,Flats,Winter,Casual
56977,Women,Heels,Winter,Casual
56978,Women,Flats,Winter,Casual
56979,Women,Flats,Fall,Casual
56980,Women,Flats,Fall,Casual
56981,Women,Flats,Winter,Ethnic
56982,Women,Flats,Winter,Casual
56983,Women,Flats,Winter,Casual
56984,Women,Heels,Summer,Casual
56985,Women,Heels,Winter,Casual
56986,Women,Flats,Winter,Casual
56987,Women,Heels,Winter,Casual
56988,Women,Flats,Winter,Casual
56989,Women,Heels,Winter,Casual
56990,Women,Flats,Winter,Casual
56991,Women,Flats,Winter,Casual
56992,Women,Flats,Summer,Casual
56993,Women,Flats,Winter,Casual
56994,Women,Heels,Winter,Formal
56995,Women,Heels,Winter,Casual
56996,Women,Heels,Winter,Casual
56997,Women,Heels,Winter,Casual
56998,Women,Flats,Winter,Sports
56999,Women,Flats,Winter,Casual
57000,Women,Heels,Winter,Casual
57001,Women,Flats,Winter,Casual
57002,Women,Flats,Winter,Casual
57003,Women,Flats,Winter,Casual
57004,Women,Flats,Winter,Casual
57005,Women,Flats,Winter,Casual
57006,Women,Heels,Winter,Casual
57007,Women,Flats,Winter,Casual
57008,Women,Flats,Winter,Casual
57009,Women,Flats,Winter,Casual
57010,Women,Flats,Winter,Casual
57011,Women,Flats,Winter,Casual
57012,Women,Flats,Winter,Casual
57013,Women,Flats,Winter,Casual
57014,Women,Heels,Winter,Casual
57015,Men,Briefs,Summer,Casual
57016,Men,Briefs,Summer,Casual
57017,Men,Briefs,Summer,Casual
57018,Men,Briefs,Summer,Casual
57019,Men,Briefs,Summer,Casual
57021,Men,Briefs,Summer,Casual
57022,Men,Briefs,Summer,Casual
57023,Men,Briefs,Summer,Casual
57024,Men,Briefs,Summer,Casual
57025,Men,Briefs,Summer,Casual
57026,Men,Briefs,Summer,Casual
57027,Men,Briefs,Summer,Casual
57028,Men,Tshirts,Summer,Casual
57029,Men,Innerwear Vests,Summer,Casual
57030,Women,Tunics,Summer,Casual
57031,Women,Dresses,Fall,Ethnic
57032,Men,Tops,Summer,Casual
57033,Men,Innerwear Vests,Summer,Casual
57034,Women,Nightdress,Summer,Casual
57035,Women,Dresses,Summer,Ethnic
57036,Women,Sarees,Summer,Ethnic
57037,Women,Tunics,Summer,Ethnic
57038,Women,Sarees,Summer,Casual
57039,Women,Dresses,Fall,Casual
57040,Women,Dresses,Summer,Ethnic
57041,Women,Dresses,Summer,Casual
57042,Men,Dresses,Summer,Casual
57043,Women,Dresses,Summer,Casual
57044,Women,Dresses,Summer,Ethnic
57045,Women,Dresses,Fall,Ethnic
57046,Women,Dresses,Summer,Ethnic
57047,Women,Dresses,Summer,Casual
57048,Women,Dresses,Summer,Ethnic
57049,Women,Dresses,Summer,Ethnic
57050,Women,Dresses,Summer,Ethnic
57051,Women,Skirts,Summer,Ethnic
57052,Women,Dresses,Summer,Ethnic
57053,Women,Dresses,Summer,Ethnic
57054,Women,Dresses,Summer,Ethnic
57055,Women,Tunics,Summer,Ethnic
57056,Women,Dresses,Summer,Ethnic
57057,Women,Dresses,Summer,Ethnic
57058,Women,Dresses,Summer,Ethnic
57059,Women,Dresses,Summer,Ethnic
57060,Women,Dresses,Fall,Casual
57061,Women,Dresses,Summer,Ethnic
57062,Women,Tshirts,Summer,Casual
57063,Women,Sweaters,Summer,Ethnic
57064,Women,Sweaters,Fall,Casual
57065,Women,Tops,Summer,Casual
57066,Women,Kurtis,Fall,Ethnic
57067,Women,Dresses,Summer,Casual
57068,Women,Topwear,Fall,Sports
57069,Women,Innerwear Vests,Summer,Casual
57070,Women,Jeans,Fall,Casual
57071,Women,Trousers,Summer,Casual
57072,Women,Trousers,Summer,Casual
57073,Women,Jeans,Fall,Casual
57074,Women,Jeans,Summer,Sports
57075,Women,Leggings,Summer,Casual
57076,Women,Jeans,Summer,Ethnic
57077,Women,Jeans,Summer,Casual
57078,Men,Track Pants,Fall,Ethnic
57079,Women,Tops,Summer,Casual
57080,Women,Sweatshirts,Summer,Casual
57081,Women,Innerwear Vests,Summer,Casual
57082,Women,Shorts,Summer,Casual
57083,Women,Skirts,Summer,Casual
57084,Women,Skirts,Summer,Sports
57085,Women,Capris,Summer,Ethnic
57086,Women,Skirts,Summer,Casual
57087,Women,Dresses,Summer,Ethnic
57088,Women,Skirts,Summer,Ethnic
57089,Women,Skirts,Fall,Sports
57090,Men,Shorts,Winter,Sports
57091,Women,Skirts,Summer,Casual
57092,Women,Dresses,Summer,Casual
57093,Women,Capris,Summer,Sports
57094,Women,Shorts,Summer,Casual
57095,Women,Shorts,Summer,Casual
57096,Women,Capris,Summer,Casual
57097,Women,Capris,Summer,Casual
57099,Women,Skirts,Summer,Sports
57100,Women,Tops,Summer,Ethnic
57101,Women,Tops,Summer,Casual
57102,Women,Tops,Fall,Casual
57103,Women,Tunics,Summer,Casual
57104,Men,Tshirts,Summer,Casual
57105,Women,Tops,Summer,Casual
57106,Women,Tops,Summer,Casual
57107,Women,Tshirts,Summer,Casual
57108,Women,Tops,Summer,Casual
57109,Men,Tunics,Summer,Casual
57110,Men,Shirts,Summer,Casual
57111,Women,Tops,Summer,Casual
57112,Women,Tops,Fall,Casual
57114,Women,Tops,Summer,Casual
57115,Women,Dresses,Summer,Casual
57116,Women,Tops,Summer,Casual
57117,Women,Tops,Summer,Casual
57118,Women,Tops,Summer,Casual
57119,Women,Tops,Summer,Casual
57120,Women,Jackets,Summer,Casual
57121,Women,Jackets,Fall,Casual
57122,Women,Tops,Summer,Casual
57123,Women,Tops,Summer,Ethnic
57124,Women,Tops,Summer,Casual
57125,Women,Tops,Summer,Casual
57126,Women,Tops,Summer,Ethnic
57127,Women,Tops,Summer,Casual
57128,Women,Tunics,Summer,Casual
57129,Women,Tops,Summer,Casual
57130,Women,Tops,Summer,Casual
57131,Women,Tops,Summer,Casual
57132,Women,Tops,Summer,Casual
57133,Women,Topwear,Summer,Casual
57134,Women,Tops,Summer,Casual
57135,Women,Tshirts,Summer,Casual
57136,Women,Jeans,Summer,Casual
57137,Men,Trousers,Summer,Casual
57138,Men,Lounge Pants,Summer,Formal
57139,Men,Lounge Pants,Summer,Formal
57140,Women,Leggings,Summer,Casual
57141,Women,Trousers,Summer,Sports
57142,Women,Tops,Summer,Casual
57143,Women,Tops,Summer,Casual
57144,Women,Dresses,Summer,Casual
57145,Women,Tops,Summer,Casual
57146,Women,Innerwear Vests,Summer,Casual
57147,Women,Tops,Fall,Casual
57148,Women,Tops,Summer,Casual
57149,Women,Tops,Summer,Casual
57150,Men,Tops,Summer,Casual
57151,Women,Tops,Fall,Casual
57152,Women,Tshirts,Summer,Casual
57153,Women,Innerwear Vests,Summer,Casual
57154,Women,Tops,Summer,Casual
57155,Women,Tops,Summer,Ethnic
57156,Women,Tops,Summer,Casual
57157,Women,Tshirts,Summer,Casual
57158,Women,Tshirts,Summer,Casual
57159,Women,Tops,Winter,Casual
57160,Women,Tops,Summer,Casual
57161,Women,Tshirts,Summer,Casual
57162,Women,Tshirts,Fall,Casual
57163,Women,Tops,Summer,Casual
57164,Women,Tops,Summer,Casual
57165,Women,Tops,Fall,Casual
57166,Women,Tops,Summer,Casual
57167,Men,Innerwear Vests,Summer,Casual
57168,Women,Tops,Summer,Casual
57169,Women,Tops,Summer,Ethnic
57170,Women,Jackets,Summer,Casual
57171,Women,Skirts,Summer,Casual
57172,Women,Tshirts,Summer,Casual
57173,Women,Tops,Summer,Ethnic
57174,Women,Tops,Summer,Casual
57175,Women,Tshirts,Summer,Casual
57176,Women,Tops,Summer,Casual
57177,Men,Kurtis,Summer,Ethnic
57178,Women,Shirts,Summer,Casual
57179,Men,Kurtis,Summer,Casual
57180,Women,Tunics,Summer,Casual
57181,Women,Dresses,Summer,Ethnic
57182,Women,Dresses,Summer,Ethnic
57183,Women,Tops,Summer,Casual
57184,Women,Tunics,Summer,Ethnic
57185,Women,Dresses,Summer,Ethnic
57186,Women,Dresses,Summer,Casual
57187,Women,Dresses,Summer,Casual
57188,Women,Kurtas,Summer,Ethnic
57189,Women,Tops,Summer,Casual
57190,Women,Shirts,Summer,Casual
57191,Women,Tops,Summer,Casual
57192,Women,Dresses,Summer,Casual
57193,Women,Tops,Summer,Casual
57194,Women,Tops,Summer,Casual
57195,Women,Tunics,Summer,Ethnic
57196,Women,Tunics,Summer,Ethnic
57197,Women,Tops,Summer,Casual
57198,Women,Tops,Summer,Ethnic
57199,Women,Dresses,Summer,Ethnic
57200,Women,Dresses,Summer,Ethnic
57201,Women,Tops,Summer,Casual
57202,Women,Dresses,Fall,Casual
57203,Men,Tunics,Summer,Ethnic
57204,Men,Capris,Summer,Casual
57205,Women,Capris,Summer,Ethnic
57207,Women,Capris,Summer,Sports
57208,Women,Jeans,Summer,Casual
57209,Men,Jeans,Summer,Casual
57210,Women,Jeans,Summer,Casual
57211,Women,Leggings,Summer,Sports
57212,Women,Jeans,Summer,Casual
57213,Men,Jeans,Summer,Casual
57214,Women,Shorts,Summer,Casual
57215,Men,Trousers,Fall,Casual
57216,Men,Shorts,Summer,Casual
57217,Women,Capris,Summer,Casual
57218,Women,Capris,Summer,Casual
57225,Women,Handbags,Summer,Casual
57226,Women,Handbags,Summer,Casual
57229,Women,Handbags,Winter,Casual
57230,Women,Handbags,Summer,Casual
57231,Women,Handbags,Summer,Casual
57235,Women,Handbags,Winter,Casual
57236,Women,Handbags,Summer,Casual
57237,Women,Handbags,Summer,Casual
57238,Women,Handbags,Summer,Casual
57239,Women,Handbags,Summer,Casual
57240,Women,Handbags,Summer,Casual
57241,Women,Handbags,Summer,Casual
57242,Women,Duffel Bag,Summer,Casual
57243,Women,Handbags,Winter,Casual
57244,Women,Handbags,Summer,Casual
57246,Women,Handbags,Winter,Casual
57247,Women,Handbags,Winter,Casual
57252,Unisex,Handbags,Summer,Casual
57253,Women,Handbags,Summer,Ethnic
57254,Women,Handbags,Summer,Casual
57255,Women,Handbags,Summer,Casual
57256,Women,Handbags,Summer,Casual
57258,Women,Handbags,Summer,Casual
57259,Women,Handbags,Summer,Casual
57261,Women,Handbags,Summer,Casual
57262,Unisex,Handbags,Summer,Casual
57263,Women,Bags,Fall,Sports
57264,Women,Handbags,Winter,Casual
57266,Women,Handbags,Summer,Casual
57268,Men,Tshirts,Summer,Casual
57273,Men,Jackets,Summer,Casual
57274,Men,Shirts,Fall,Casual
57275,Men,Shirts,Summer,Casual
57276,Men,Shirts,Fall,Casual
57277,Men,Shirts,Summer,Casual
57280,Men,Shirts,Summer,Formal
57281,Men,Shirts,Summer,Formal
57282,Men,Shirts,Summer,Casual
57283,Men,Shirts,Summer,Casual
57284,Men,Kurtis,Summer,Casual
57285,Men,Shirts,Summer,Casual
57286,Men,Shirts,Summer,Casual
57287,Men,Shirts,Summer,Casual
57288,Men,Shirts,Summer,Casual
57289,Men,Shirts,Summer,Casual
57290,Men,Shirts,Summer,Casual
57291,Men,Shirts,Summer,Casual
57292,Men,Shirts,Summer,Casual
57293,Men,Tunics,Summer,Ethnic
57294,Men,Shirts,Summer,Casual
57295,Men,Shirts,Summer,Casual
57296,Men,Shirts,Summer,Casual
57297,Men,Shirts,Summer,Casual
57298,Women,Flats,Winter,Casual
57299,Women,Flats,Winter,Casual
57300,Women,Flats,Winter,Casual
57301,Women,Heels,Winter,Casual
57302,Women,Flats,Winter,Casual
57303,Women,Heels,Winter,Casual
57304,Women,Heels,Winter,Casual
57305,Women,Flats,Winter,Casual
57306,Women,Heels,Winter,Casual
57307,Women,Flats,Winter,Casual
57308,Women,Flats,Winter,Casual
57309,Women,Flats,Winter,Casual
57310,Men,Tshirts,Summer,Casual
57311,Women,Bra,Summer,Casual
57312,Women,Bra,Summer,Casual
57313,Women,Bra,Winter,Casual
57316,Women,Bra,Summer,Casual
57318,Women,Bra,Winter,Casual
57319,Women,Bra,Summer,Casual
57320,Women,Bra,Summer,Casual
57321,Women,Bra,Summer,Casual
57322,Women,Bra,Summer,Casual
57323,Women,Bra,Winter,Casual
57324,Women,Bra,Summer,Casual
57325,Women,Bra,Spring,Casual
57326,Women,Bra,Winter,Casual
57327,Women,Bra,Summer,Casual
57328,Women,Bra,Summer,Casual
57329,Women,Bra,Summer,Casual
57330,Women,Bra,Summer,Casual
57331,Women,Bra,Summer,Casual
57333,Women,Bra,Summer,Casual
57334,Women,Bra,Summer,Casual
57335,Women,Bra,Summer,Casual
57336,Women,Bra,Winter,Casual
57338,Women,Bra,Summer,Casual
57339,Women,Bra,Summer,Casual
57340,Women,Bra,Summer,Casual
57342,Women,Bra,Summer,Casual
57343,Women,Bra,Summer,Casual
57344,Women,Bra,Summer,Casual
57345,Women,Bra,Summer,Casual
57346,Women,Bra,Summer,Casual
57347,Women,Bra,Spring,Casual
57348,Women,Bra,Summer,Casual
57349,Women,Bra,Summer,Casual
57350,Women,Bra,Summer,Casual
57351,Women,Bra,Winter,Casual
57352,Women,Bra,Summer,Casual
57353,Women,Bra,Summer,Casual
57354,Women,Bra,Winter,Casual
57355,Women,Bra,Summer,Casual
57356,Women,Bra,Summer,Casual
57357,Women,Bra,Winter,Casual
57358,Women,Bra,Summer,Casual
57359,Women,Bra,Summer,Casual
57360,Women,Bra,Summer,Casual
57361,Women,Bra,Summer,Casual
57362,Women,Bra,Summer,Casual
57363,Women,Bra,Summer,Casual
57365,Women,Briefs,Summer,Casual
57366,Women,Briefs,Summer,Casual
57367,Women,Briefs,Summer,Casual
57368,Women,Briefs,Summer,Casual
57369,Women,Briefs,Summer,Casual
57370,Women,Briefs,Summer,Casual
57371,Women,Briefs,Summer,Casual
57372,Women,Briefs,Summer,Casual
57373,Women,Briefs,Summer,Casual
57374,Women,Briefs,Summer,Casual
57375,Women,Briefs,Summer,Casual
57376,Men,Briefs,Summer,Casual
57378,Women,Briefs,Summer,Casual
57379,Women,Briefs,Fall,Casual
57380,Men,Briefs,Summer,Casual
57382,Men,Briefs,Summer,Casual
57383,Men,Briefs,Summer,Casual
57384,Women,Briefs,Summer,Casual
57388,Men,Briefs,Summer,Casual
57389,Women,Briefs,Winter,Casual
57390,Men,Briefs,Summer,Casual
57391,Women,Briefs,Winter,Casual
57392,Women,Briefs,Winter,Casual
57393,Men,Briefs,Summer,Casual
57395,Women,Briefs,Summer,Casual
57397,Women,Briefs,Summer,Casual
57398,Women,Briefs,Summer,Casual
57399,Women,Briefs,Summer,Casual
57400,Women,Briefs,Summer,Casual
57401,Women,Briefs,Summer,Casual
57402,Women,Briefs,Summer,Casual
57403,Women,Briefs,Summer,Casual
57404,Women,Briefs,Summer,Casual
57405,Women,Briefs,Summer,Casual
57406,Women,Briefs,Summer,Casual
57407,Women,Briefs,Summer,Casual
57408,Women,Briefs,Summer,Casual
57409,Men,Briefs,Fall,Casual
57410,Women,Briefs,Summer,Casual
57411,Women,Briefs,Summer,Casual
57412,Women,Briefs,Summer,Casual
57413,Women,Briefs,Summer,Casual
57414,Women,Briefs,Summer,Casual
57415,Women,Briefs,Summer,Casual
57416,Women,Tracksuits,Summer,Casual
57418,Women,Nightdress,Summer,Casual
57419,Women,Dresses,Summer,Casual
57420,Women,Tshirts,Summer,Casual
57421,Women,Tshirts,Summer,Casual
57422,Women,Tshirts,Summer,Casual
57423,Women,Tshirts,Summer,Casual
57424,Women,Tshirts,Summer,Casual
57425,Women,Tshirts,Summer,Casual
57426,Women,Tops,Summer,Casual
57427,Women,Tops,Summer,Casual
57428,Women,Tshirts,Summer,Casual
57429,Women,Tshirts,Summer,Casual
57430,Women,Tshirts,Summer,Casual
57431,Women,Tshirts,Summer,Ethnic
57432,Women,Tshirts,Summer,Casual
57433,Women,Tshirts,Summer,Casual
57434,Women,Tshirts,Summer,Sports
57435,Women,Tshirts,Summer,Casual
57436,Women,Tshirts,Summer,Casual
57437,Women,Tshirts,Summer,Casual
57438,Women,Tshirts,Summer,Casual
57439,Women,Tshirts,Summer,Casual
57440,Women,Tshirts,Summer,Sports
57441,Women,Tshirts,Summer,Casual
57442,Women,Tops,Summer,Casual
57443,Women,Tshirts,Summer,Casual
57444,Women,Tshirts,Summer,Casual
57445,Women,Tshirts,Summer,Casual
57446,Women,Tshirts,Summer,Casual
57447,Women,Tshirts,Summer,Casual
57448,Women,Tshirts,Summer,Casual
57449,Women,Tshirts,Summer,Casual
57450,Women,Tshirts,Summer,Casual
57457,Women,Handbags,Summer,Casual
57458,Women,Handbags,Summer,Casual
57459,Women,Bags,Summer,Casual
57462,Women,Clutches,Winter,Casual
57463,Women,Belts,Summer,Formal
57466,Men,Flip Flops,Summer,Casual
57467,Unisex,Casual Shoes,Summer,Casual
57468,Men,Flip Flops,Summer,Casual
57469,Men,Casual Shoes,Fall,Sports
57470,Men,Casual Shoes,Summer,Casual
57471,Men,Sandals,Summer,Casual
57475,Men,Sandals,Fall,Casual
57476,Men,Formal Shoes,Winter,Formal
57477,Men,Casual Shoes,Summer,Casual
57478,Men,Casual Shoes,Fall,Casual
57479,Men,Casual Shoes,Summer,Sports
57480,Unisex,Casual Shoes,Fall,Casual
57481,Men,Casual Shoes,Summer,Casual
57482,Men,Casual Shoes,Summer,Casual
57483,Men,Casual Shoes,Fall,Sports
57484,Men,Sandals,Fall,Casual
57487,Men,Formal Shoes,Summer,Formal
57488,Men,Formal Shoes,Summer,Formal
57489,Men,Formal Shoes,Winter,Formal
57490,Men,Formal Shoes,Summer,Formal
57491,Men,Formal Shoes,Fall,Formal
57492,Men,Formal Shoes,Winter,Formal
57493,Men,Formal Shoes,Winter,Formal
57494,Men,Formal Shoes,Summer,Formal
57495,Men,Formal Shoes,Summer,Formal
57496,Men,Formal Shoes,Summer,Formal
57497,Men,Formal Shoes,Fall,Formal
57498,Men,Formal Shoes,Winter,Formal
57499,Men,Formal Shoes,Winter,Formal
57500,Men,Sandals,Summer,Casual
57501,Men,Sandals,Summer,Casual
57502,Men,Sandals,Summer,Casual
57503,Men,Sandals,Summer,Casual
57504,Men,Sandals,Fall,Casual
57505,Men,Sandals,Summer,Casual
57506,Men,Sandals,Summer,Casual
57507,Men,Sandals,Summer,Casual
57508,Men,Sandals,Fall,Casual
57509,Men,Formal Shoes,Summer,Formal
57510,Men,Formal Shoes,Summer,Formal
57511,Men,Formal Shoes,Winter,Formal
57512,Men,Formal Shoes,Summer,Formal
57513,Men,Formal Shoes,Summer,Formal
57514,Men,Formal Shoes,Summer,Formal
57515,Men,Formal Shoes,Winter,Casual
57516,Men,Formal Shoes,Summer,Formal
57517,Men,Formal Shoes,Winter,Formal
57518,Men,Formal Shoes,Winter,Formal
57519,Men,Formal Shoes,Winter,Formal
57520,Men,Formal Shoes,Winter,Formal
57521,Men,Formal Shoes,Winter,Formal
57522,Men,Casual Shoes,Summer,Formal
57523,Men,Formal Shoes,Summer,Casual
57524,Men,Formal Shoes,Summer,Formal
57525,Men,Formal Shoes,Summer,Formal
57526,Men,Formal Shoes,Summer,Formal
57527,Men,Formal Shoes,Winter,Formal
57528,Men,Formal Shoes,Winter,Formal
57529,Men,Formal Shoes,Winter,Formal
57530,Men,Formal Shoes,Fall,Formal
57531,Men,Formal Shoes,Fall,Formal
57532,Men,Formal Shoes,Summer,Formal
57533,Men,Formal Shoes,Summer,Casual
57534,Women,Belts,Summer,Formal
57536,Women,Belts,Winter,Casual
57539,Women,Belts,Winter,Casual
57543,Women,Lips,Spring,Casual
57544,Women,Lips,Spring,Casual
57545,Women,Lips,Spring,Casual
57547,Women,Lips,Spring,Casual
57548,Women,Lips,Spring,Casual
57549,Women,Lips,Spring,Casual
57550,Women,Eyes,Spring,Casual
57552,Women,Lips,Spring,Casual
57553,Women,Lips,Spring,Casual
57554,Women,Lips,Spring,Casual
57555,Women,Lips,Spring,Casual
57556,Women,Lips,Spring,Casual
57557,Women,Lips,Spring,Casual
57558,Women,Lips,Spring,Casual
57559,Women,Lips,Spring,Casual
57560,Women,Lips,Spring,Casual
57561,Women,Lips,Spring,Casual
57562,Women,Lips,Spring,Casual
57563,Women,Lips,Spring,Casual
57566,Women,Lips,Spring,Casual
57567,Women,Lips,Spring,Casual
57568,Women,Lips,Spring,Casual
57569,Women,Lips,Spring,Ethnic
57570,Women,Lips,Spring,Casual
57571,Women,Lips,Spring,Casual
57572,Men,Lips,Summer,Casual
57573,Women,Lips,Spring,Ethnic
57574,Women,Lips,Spring,Casual
57575,Women,Lips,Spring,Casual
57576,Men,Makeup,Spring,Sports
57577,Women,Lips,Spring,Casual
57578,Women,Lips,Spring,Casual
57579,Women,Lips,Spring,Casual
57580,Women,Lips,Spring,Ethnic
57581,Women,Ring,Spring,Casual
57582,Women,Lips,Spring,Casual
57583,Women,Shoe Accessories,Spring,Casual
57584,Women,Shoe Accessories,Spring,Casual
57586,Women,Shoe Accessories,Spring,Casual
57587,Women,Shoe Accessories,Spring,Casual
57588,Men,Lips,Spring,Casual
57589,Women,Shoe Accessories,Spring,Casual
57591,Men,Lips,Spring,Casual
57592,Men,Lips,Spring,Casual
57593,Women,Shoe Accessories,Spring,Casual
57594,Women,Shoe Accessories,Spring,Casual
57595,Women,Shoe Accessories,Spring,Casual
57596,Men,Lips,Spring,Casual
57597,Women,Shoe Accessories,Spring,Casual
57598,Women,Lips,Spring,Casual
57599,Women,Shoe Accessories,Spring,Casual
57600,Women,Shoe Accessories,Spring,Casual
57601,Women,Shoe Accessories,Spring,Casual
57603,Women,Shoe Accessories,Spring,Casual
57604,Men,Lips,Spring,Casual
57605,Women,Shoe Accessories,Spring,Casual
57606,Women,Shoe Accessories,Spring,Casual
57607,Women,Perfume and Body Mist,Spring,Casual
57608,Women,Deodorant,Spring,Casual
57609,Men,Lips,Spring,Casual
57610,Women,Shoe Accessories,Spring,Casual
57611,Men,Deodorant,Spring,Casual
57613,Unisex,Innerwear Vests,Summer,Casual
57614,Men,Shoe Accessories,Spring,Casual
57615,Women,Perfume and Body Mist,Summer,Casual
57616,Women,Deodorant,Spring,Casual
57617,Men,Shoe Accessories,Spring,Casual
57619,Men,Shoe Accessories,Spring,Casual
57620,Women,Shoe Accessories,Spring,Casual
57621,Women,Shoe Accessories,Spring,Casual
57622,Men,Makeup,Spring,Casual
57623,Men,Shoe Accessories,Spring,Casual
57624,Men,Shoe Accessories,Spring,Casual
57625,Men,Perfume and Body Mist,Spring,Casual
57627,Women,Makeup,Spring,Casual
57628,Men,Makeup,Spring,Casual
57629,Women,Deodorant,Spring,Casual
57630,Women,Clutches,Summer,Casual
57631,Men,Makeup,Spring,Casual
57632,Women,Lips,Spring,Casual
57633,Women,Lips,Spring,Casual
57634,Women,Lips,Spring,Casual
57635,Men,Makeup,Spring,Casual
57636,Women,Lips,Spring,Casual
57637,Women,Lips,Spring,Casual
57638,Women,Perfume and Body Mist,Spring,Casual
57639,Women,Makeup,Spring,Casual
57640,Men,Makeup,Summer,Casual
57642,Women,Lips,Spring,Casual
57643,Women,Makeup,Spring,Casual
57644,Men,Makeup,Spring,Casual
57645,Men,Makeup,Spring,Casual
57646,Men,Makeup,Spring,Formal
57647,Men,Makeup,Spring,Formal
57649,Women,Makeup,Spring,Casual
57650,Women,Deodorant,Spring,Casual
57651,Women,Lips,Spring,Formal
57652,Women,Makeup,Spring,Formal
57653,Men,Makeup,Spring,Casual
57654,Women,Lips,Spring,Casual
57655,Men,Makeup,Spring,Casual
57656,Women,Deodorant,Spring,Casual
57657,Men,Makeup,Spring,Casual
57658,Women,Makeup,Spring,Formal
57660,Men,Makeup,Spring,Casual
57661,Women,Makeup,Spring,Casual
57662,Men,Makeup,Spring,Casual
57664,Men,Makeup,Spring,Casual
57667,Women,Deodorant,Spring,Casual
57668,Women,Lips,Spring,Casual
57669,Men,Makeup,Spring,Formal
57670,Men,Makeup,Spring,Formal
57671,Women,Perfume and Body Mist,Spring,Casual
57672,Men,Makeup,Spring,Formal
57673,Women,Makeup,Spring,Casual
57674,Women,Deodorant,Spring,Casual
57675,Women,Perfume and Body Mist,Spring,Casual
57676,Women,Deodorant,Spring,Casual
57677,Men,Perfume and Body Mist,Spring,Casual
57678,Men,Perfume and Body Mist,Spring,Casual
57679,Women,Perfume and Body Mist,Spring,Casual
57681,Women,Perfume and Body Mist,Spring,Casual
57683,Women,Perfume and Body Mist,Spring,Casual
57685,Women,Perfume and Body Mist,Spring,Casual
57687,Women,Perfume and Body Mist,Spring,Casual
57689,Women,Perfume and Body Mist,Spring,Casual
57690,Women,Perfume and Body Mist,Spring,Casual
57691,Women,Perfume and Body Mist,Spring,Casual
57692,Women,Perfume and Body Mist,Spring,Casual
57694,Women,Deodorant,Spring,Casual
57696,Boys,Perfume and Body Mist,Spring,Casual
57697,Unisex,Perfume and Body Mist,Spring,Casual
57698,Women,Perfume and Body Mist,Summer,Casual
57699,Women,Wallets,Spring,Ethnic
57700,Unisex,Perfume and Body Mist,Spring,Casual
57701,Men,Shoe Accessories,Winter,Casual
57702,Women,Wallets,Summer,Casual
57703,Women,Watches,Spring,Casual
57704,Women,Deodorant,Spring,Casual
57705,Women,Deodorant,Spring,Casual
57706,Women,Lips,Spring,Casual
57707,Women,Lips,Spring,Casual
57708,Women,Lips,Spring,Casual
57709,Women,Lips,Spring,Casual
57710,Women,Lips,Spring,Casual
57711,Women,Lips,Spring,Casual
57712,Women,Lips,Spring,Casual
57713,Women,Perfume and Body Mist,Spring,Casual
57714,Women,Lips,Spring,Casual
57715,Women,Lips,Spring,Casual
57716,Women,Lips,Spring,Casual
57717,Women,Lips,Spring,Casual
57718,Women,Perfume and Body Mist,Summer,Casual
57719,Women,Lips,Spring,Casual
57720,Women,Perfume and Body Mist,Spring,Casual
57721,Women,Lips,Spring,Casual
57724,Women,Makeup,Spring,Casual
57725,Women,Makeup,Spring,Casual
57727,Women,Lips,Spring,Casual
57728,Unisex,Wallets,Spring,Casual
57729,Women,Wallets,Spring,Casual
57730,Unisex,Wallets,Spring,Casual
57731,Boys,Wallets,Spring,Casual
57732,Unisex,Wallets,Spring,Casual
57733,Women,Wallets,Spring,Casual
57734,Women,Perfume and Body Mist,Spring,Casual
57735,Women,Perfume and Body Mist,Spring,Ethnic
57736,Women,Shoe Accessories,Spring,Casual
57737,Women,Perfume and Body Mist,Spring,Ethnic
57738,Men,Wallets,Spring,Casual
57739,Women,Shoe Accessories,Summer,Casual
57740,Women,Apparel Set,Summer,Casual
57741,Women,Shoe Accessories,Summer,Casual
57742,Women,Shoe Accessories,Summer,Casual
57743,Women,Shoe Accessories,Summer,Casual
57744,Women,Shoe Accessories,Summer,Casual
57745,Men,Shoe Accessories,Spring,Casual
57746,Men,Shoe Accessories,Spring,Casual
57747,Men,Shoe Accessories,Spring,Casual
57749,Men,Makeup,Spring,Casual
57750,Men,Makeup,Spring,Casual
57752,Men,Perfume and Body Mist,Spring,Casual
57753,Women,Makeup,Spring,Casual
57754,Women,Deodorant,Spring,Casual
57755,Women,Deodorant,Spring,Casual
57756,Women,Deodorant,Spring,Casual
57757,Women,Perfume and Body Mist,Spring,Casual
57758,Women,Deodorant,Spring,Casual
57759,Women,Deodorant,Spring,Casual
57760,Women,Deodorant,Spring,Casual
57761,Women,Deodorant,Spring,Casual
57762,Women,Deodorant,Spring,Casual
57763,Boys,Perfume and Body Mist,Spring,Casual
57764,Men,Deodorant,Spring,Casual
57765,Women,Deodorant,Spring,Casual
57766,Women,Shoe Accessories,Summer,Casual
57767,Men,Deodorant,Spring,Casual
57768,Women,Deodorant,Spring,Casual
57770,Women,Perfume and Body Mist,Spring,Casual
57771,Women,Deodorant,Spring,Casual
57772,Women,Deodorant,Spring,Casual
57773,Women,Perfume and Body Mist,Spring,Casual
57774,Women,Deodorant,Spring,Casual
57776,Men,Wallets,Spring,Casual
57777,Women,Makeup,Spring,Casual
57778,Men,Wallets,Spring,Casual
57779,Men,Wallets,Spring,Casual
57780,Women,Eyes,Spring,Casual
57781,Unisex,Wallets,Spring,Casual
57782,Women,Wallets,Winter,Casual
57783,Men,Makeup,Spring,Casual
57784,Women,Ring,Spring,Casual
57785,Women,Ring,Spring,Casual
57786,Women,Ring,Spring,Casual
57787,Women,Makeup,Spring,Casual
57788,Women,Perfume and Body Mist,Spring,Casual
57789,Women,Makeup,Spring,Casual
57790,Women,Perfume and Body Mist,Spring,Casual
57791,Men,Accessories,Spring,Casual
57792,Men,Makeup,Spring,Casual
57793,Men,Accessories,Spring,Casual
57794,Women,Perfume and Body Mist,Summer,Casual
57795,Unisex,Wallets,Spring,Casual
57796,Men,Caps,Spring,Sports
57798,Women,Deodorant,Spring,Casual
57800,Women,Deodorant,Spring,Casual
57801,Women,Deodorant,Spring,Casual
57802,Women,Heels,Fall,Casual
57803,Women,Heels,Summer,Casual
57804,Women,Makeup,Spring,Casual
57805,Men,Perfume and Body Mist,Spring,Casual
57810,Women,Tops,Summer,Casual
57811,Women,Dresses,Summer,Casual
57812,Women,Dresses,Summer,Ethnic
57815,Women,Tops,Summer,Casual
57816,Women,Tunics,Summer,Casual
57817,Women,Tops,Summer,Casual
57818,Women,Tops,Summer,Casual
57819,Women,Dresses,Summer,Ethnic
57820,Women,Tops,Summer,Casual
57823,Women,Tops,Summer,Casual
57824,Women,Jeans,Summer,Casual
57832,Women,Tops,Summer,Casual
57833,Men,Innerwear Vests,Summer,Sports
57834,Men,Tshirts,Summer,Casual
57835,Unisex,Clutches,Summer,Casual
57836,Women,Wallets,Summer,Casual
57837,Unisex,Wallets,Fall,Casual
57838,Women,Mobile Pouch,Summer,Casual
57845,Women,Mobile Pouch,Summer,Casual
57846,Unisex,Mobile Pouch,Summer,Casual
57847,Unisex,Clutches,Winter,Casual
57849,Women,Heels,Winter,Casual
57850,Women,Heels,Winter,Casual
57851,Men,Casual Shoes,Fall,Sports
57852,Women,Heels,Winter,Casual
57853,Women,Flats,Winter,Casual
57854,Women,Heels,Winter,Casual
57855,Women,Heels,Winter,Casual
57856,Women,Heels,Winter,Casual
57857,Women,Flats,Winter,Casual
57858,Women,Flats,Winter,Casual
57859,Men,Deodorant,Spring,Casual
57860,Women,Deodorant,Spring,Casual
57861,Men,Deodorant,Spring,Casual
57862,Women,Perfume and Body Mist,Spring,Casual
57863,Unisex,Perfume and Body Mist,Spring,Casual
57864,Women,Perfume and Body Mist,Spring,Casual
57865,Women,Perfume and Body Mist,Spring,Casual
57866,Men,Perfume and Body Mist,Spring,Casual
57867,Women,Perfume and Body Mist,Spring,Casual
57868,Men,Perfume and Body Mist,Spring,Casual
57869,Unisex,Perfume and Body Mist,Spring,Casual
57870,Women,Perfume and Body Mist,Spring,Casual
57871,Men,Deodorant,Spring,Casual
57872,Men,Ring,Spring,Casual
57873,Men,Sports Equipment,Summer,Casual
57874,Men,Perfume and Body Mist,Fall,Casual
57875,Women,Perfume and Body Mist,Spring,Casual
57876,Women,Perfume and Body Mist,Spring,Casual
57877,Boys,Perfume and Body Mist,Spring,Casual
57878,Men,Perfume and Body Mist,Summer,Casual
57879,Men,Trunk,Winter,Casual
57880,Men,Perfume and Body Mist,Spring,Casual
57881,Men,Deodorant,Spring,Casual
57883,Boys,Perfume and Body Mist,Spring,Casual
57884,Unisex,Perfume and Body Mist,Spring,Casual
57885,Unisex,Perfume and Body Mist,Spring,Casual
57886,Men,Perfume and Body Mist,Spring,Casual
57887,Boys,Perfume and Body Mist,Spring,Casual
57888,Men,Perfume and Body Mist,Spring,Casual
57889,Unisex,Perfume and Body Mist,Spring,Casual
57890,Men,Clutches,Spring,Casual
57891,Men,Makeup,Spring,Casual
57892,Men,Wallets,Winter,Casual
57893,Women,Leggings,Summer,Casual
57894,Women,Leggings,Summer,Ethnic
57895,Women,Kurtis,Summer,Ethnic
57896,Men,Leggings,Summer,Casual
57897,Women,Scarves,Summer,Casual
57898,Women,Tops,Summer,Ethnic
57899,Women,Jeans,Summer,Casual
57906,Women,Socks,Summer,Sports
57907,Men,Socks,Summer,Casual
57908,Women,Handbags,Summer,Sports
57909,Men,Socks,Summer,Sports
57910,Men,Socks,Summer,Casual
57911,Men,Socks,Summer,Sports
57912,Men,Socks,Summer,Formal
57913,Men,Socks,Summer,Sports
57914,Girls,Socks,Summer,Casual
57915,Men,Backpacks,Summer,Sports
57916,Men,Socks,Summer,Sports
57917,Women,Socks,Summer,Sports
57918,Men,Socks,Summer,Sports
57919,Men,Socks,Summer,Casual
57920,Women,Socks,Summer,Casual
57921,Men,Socks,Summer,Formal
57922,Men,Leggings,Summer,Casual
57923,Women,Leggings,Summer,Casual
57924,Men,Leggings,Summer,Casual
57925,Men,Leggings,Summer,Casual
57930,Men,Tshirts,Summer,Casual
57931,Men,Tshirts,Summer,Casual
57932,Men,Tshirts,Summer,Casual
57933,Men,Tshirts,Summer,Formal
57934,Men,Sandals,Winter,Casual
57935,Men,Sandals,Fall,Casual
57936,Men,Casual Shoes,Winter,Sports
57937,Men,Sports Shoes,Fall,Sports
57938,Men,Sandals,Spring,Casual
57939,Men,Casual Shoes,Winter,Formal
57940,Men,Sandals,Summer,Sports
57941,Men,Formal Shoes,Winter,Formal
57942,Men,Formal Shoes,Summer,Casual
57943,Men,Formal Shoes,Winter,Sports
57944,Men,Sandals,Summer,Casual
57945,Men,Sandals,Summer,Formal
57946,Men,Formal Shoes,Summer,Formal
57947,Men,Formal Shoes,Winter,Formal
57948,Men,Formal Shoes,Summer,Formal
57949,Men,Formal Shoes,Fall,Formal
57950,Men,Formal Shoes,Summer,Formal
57952,Women,Sarees,Fall,Ethnic
57953,Women,Sarees,Summer,Ethnic
57954,Women,Sarees,Summer,Ethnic
57956,Men,Sarees,Fall,Ethnic
57957,Women,Sarees,Summer,Ethnic
57958,Men,Sarees,Fall,Ethnic
57959,Women,Sarees,Summer,Ethnic
57960,Women,Sarees,Fall,Ethnic
57961,Women,Free Gifts,Summer,Ethnic
57962,Women,Sarees,Summer,Ethnic
57963,Men,Sarees,Summer,Ethnic
57964,Women,Sarees,Fall,Ethnic
57965,Women,Sarees,Summer,Ethnic
57966,Women,Sarees,Fall,Ethnic
57967,Women,Sarees,Summer,Ethnic
57968,Women,Sarees,Summer,Ethnic
57969,Women,Sarees,Summer,Ethnic
57970,Men,Sarees,Fall,Ethnic
57971,Women,Sarees,Fall,Ethnic
57972,Women,Sarees,Summer,Ethnic
57973,Women,Sarees,Summer,Ethnic
57974,Women,Sarees,Summer,Ethnic
57975,Women,Sarees,Summer,Ethnic
57976,Women,Sarees,Fall,Ethnic
57980,Girls,Dresses,Summer,Casual
57981,Women,Tops,Summer,Casual
57982,Women,Tops,Summer,Casual
57983,Men,Tops,Summer,Casual
57985,Women,Tunics,Summer,Casual
57986,Women,Dresses,Summer,Ethnic
57987,Women,Dresses,Summer,Casual
57988,Women,Nightdress,Summer,Ethnic
57989,Women,Dresses,Summer,Casual
57990,Women,Dresses,Summer,Ethnic
57991,Women,Dresses,Summer,Ethnic
57992,Women,Kurtis,Summer,Ethnic
57993,Women,Dresses,Summer,Casual
57994,Women,Tunics,Summer,Ethnic
57995,Women,Dresses,Summer,Ethnic
57996,Women,Dresses,Summer,Casual
57997,Women,Dresses,Summer,Ethnic
57998,Women,Dresses,Summer,Ethnic
57999,Women,Dresses,Summer,Casual
58000,Women,Dresses,Summer,Casual
58001,Women,Dresses,Summer,Ethnic
58002,Women,Nightdress,Summer,Ethnic
58003,Women,Dresses,Summer,Ethnic
58004,Women,Sweaters,Summer,Formal
58005,Women,Tunics,Summer,Casual
58006,Women,Tops,Summer,Ethnic
58007,Women,Tops,Summer,Casual
58008,Women,Tshirts,Summer,Casual
58009,Women,Tops,Summer,Casual
58010,Women,Tops,Summer,Casual
58011,Women,Jackets,Summer,Sports
58012,Women,Tunics,Summer,Ethnic
58013,Women,Tops,Summer,Casual
58014,Women,Tops,Summer,Casual
58015,Women,Tops,Summer,Ethnic
58016,Women,Earrings,Winter,Ethnic
58017,Boys,Earrings,Winter,Casual
58018,Boys,Earrings,Summer,Casual
58020,Women,Sunglasses,Fall,Casual
58022,Women,Earrings,Winter,Ethnic
58023,Women,Earrings,Summer,Ethnic
58024,Women,Earrings,Summer,Ethnic
58027,Women,Earrings,Summer,Ethnic
58028,Women,Earrings,Summer,Ethnic
58030,Women,Earrings,Summer,Ethnic
58032,Women,Earrings,Winter,Ethnic
58035,Women,Necklace and Chains,Summer,Sports
58037,Unisex,Earrings,Fall,Casual
58039,Women,Earrings,Winter,Casual
58041,Women,Earrings,Winter,Casual
58042,Men,Earrings,Summer,Casual
58044,Men,Earrings,Fall,Ethnic
58045,Men,Earrings,Winter,Ethnic
58046,Unisex,Earrings,Summer,Casual
58049,Women,Earrings,Summer,Casual
58050,Women,Earrings,Summer,Casual
58051,Women,Earrings,Summer,Casual
58052,Women,Earrings,Summer,Casual
58053,Women,Earrings,Summer,Ethnic
58057,Women,Earrings,Winter,Ethnic
58058,Men,Tshirts,Winter,Sports
58059,Women,Earrings,Summer,Ethnic
58060,Women,Earrings,Winter,Ethnic
58061,Women,Earrings,Winter,Casual
58062,Women,Earrings,Winter,Ethnic
58063,Women,Earrings,Winter,Ethnic
58071,Women,Earrings,Summer,Casual
58072,Women,Earrings,Summer,Ethnic
58073,Women,Earrings,Summer,Ethnic
58074,Women,Earrings,Winter,Ethnic
58075,Women,Earrings,Summer,Ethnic
58076,Women,Earrings,Summer,Ethnic
58078,Women,Earrings,Summer,Ethnic
58085,Men,Earrings,Fall,Casual
58086,Boys,Earrings,Summer,Casual
58087,Men,Earrings,Summer,Casual
58093,Boys,Earrings,Winter,Casual
58096,Women,Pendant,Fall,Casual
58097,Boys,Tshirts,Summer,Casual
58098,Women,Ring,Spring,Casual
58099,Women,Ring,Spring,Casual
58100,Women,Bra,Summer,Casual
58104,Women,Ring,Winter,Casual
58107,Women,Earrings,Summer,Casual
58108,Unisex,Earrings,Summer,Ethnic
58109,Women,Earrings,Summer,Ethnic
58110,Women,Earrings,Winter,Casual
58111,Women,Earrings,Winter,Ethnic
58112,Women,Earrings,Winter,Casual
58115,Women,Pendant,Summer,Casual
58116,Women,Pendant,Spring,Ethnic
58117,Women,Perfume and Body Mist,Winter,Casual
58118,Women,Pendant,Spring,Casual
58121,Girls,Earrings,Winter,Ethnic
58123,Women,Earrings,Winter,Casual
58128,Women,Earrings,Winter,Ethnic
58129,Women,Earrings,Summer,Casual
58131,Women,Earrings,Winter,Ethnic
58132,Women,Earrings,Summer,Ethnic
58133,Women,Earrings,Summer,Ethnic
58135,Women,Earrings,Summer,Casual
58136,Boys,Earrings,Winter,Casual
58137,Women,Earrings,Summer,Casual
58138,Women,Earrings,Summer,Ethnic
58139,Women,Mobile Pouch,Summer,Casual
58140,Men,Earrings,Winter,Ethnic
58141,Women,Earrings,Winter,Ethnic
58143,Unisex,Backpacks,Fall,Casual
58144,Unisex,Backpacks,Spring,Casual
58145,Unisex,Backpacks,Summer,Sports
58146,Unisex,Backpacks,Summer,Sports
58147,Men,Socks,Fall,Sports
58148,Unisex,Caps,Summer,Casual
58149,Women,Caps,Winter,Sports
58150,Unisex,Caps,Fall,Sports
58151,Unisex,Caps,Summer,Casual
58152,Unisex,Caps,Fall,Sports
58153,Unisex,Caps,Summer,Sports
58154,Unisex,Caps,Summer,Sports
58155,Men,Handbags,Winter,Casual
58156,Women,Handbags,Summer,Casual
58157,Men,Handbags,Summer,Casual
58158,Women,Dupatta,Summer,Ethnic
58159,Women,Wallets,Summer,Casual
58160,Women,Clutches,Winter,Casual
58161,Unisex,Wallets,Summer,Casual
58162,Women,Perfume and Body Mist,Spring,Casual
58163,Women,Wallets,Summer,Casual
58164,Women,Wallets,Fall,Casual
58165,Women,Clutches,Summer,Casual
58166,Women,Wallets,Summer,Casual
58167,Women,Clutches,Summer,Casual
58168,Women,Clutches,Summer,Casual
58169,Women,Clutches,Winter,Casual
58170,Women,Clutches,Winter,Casual
58171,Women,Handbags,Summer,Casual
58172,Women,Handbags,Summer,Casual
58173,Women,Handbags,Summer,Casual
58174,Unisex,Handbags,Summer,Casual
58175,Women,Handbags,Winter,Casual
58176,Women,Handbags,Winter,Casual
58177,Women,Handbags,Summer,Casual
58178,Women,Handbags,Summer,Casual
58179,Women,Bra,Summer,Casual
58180,Women,Handbags,Summer,Casual
58181,Women,Handbags,Winter,Casual
58182,Women,Handbags,Summer,Casual
58183,Women,Handbags,Summer,Casual
58184,Women,Handbags,Summer,Casual
58185,Women,Handbags,Summer,Casual
58186,Women,Handbags,Summer,Casual
58187,Women,Handbags,Summer,Casual
58188,Women,Handbags,Summer,Casual
58189,Women,Handbags,Summer,Casual
58190,Unisex,Handbags,Summer,Casual
58191,Unisex,Handbags,Summer,Casual
58194,Women,Handbags,Summer,Casual
58195,Women,Bra,Summer,Casual
58196,Women,Handbags,Summer,Casual
58200,Men,Formal Shoes,Winter,Sports
58201,Women,Wallets,Summer,Casual
58202,Men,Belts,Summer,Formal
58203,Women,Belts,Summer,Casual
58204,Women,Belts,Summer,Formal
58205,Women,Belts,Fall,Formal
58206,Women,Belts,Summer,Casual
58207,Men,Belts,Summer,Formal
58208,Men,Belts,Summer,Casual
58209,Men,Patiala,Summer,Ethnic
58210,Men,Patiala,Summer,Ethnic
58211,Men,Patiala,Summer,Ethnic
58212,Men,Patiala,Summer,Ethnic
58213,Women,Patiala,Summer,Ethnic
58214,Men,Patiala,Summer,Ethnic
58215,Women,Patiala,Summer,Ethnic
58216,Women,Patiala,Summer,Ethnic
58218,Men,Patiala,Summer,Ethnic
58220,Women,Patiala,Summer,Ethnic
58222,Women,Jeans,Summer,Casual
58225,Men,Tshirts,Summer,Casual
58226,Men,Sandals,Fall,Casual
58227,Men,Sandals,Summer,Casual
58229,Men,Sandals,Summer,Casual
58231,Unisex,Flats,Summer,Casual
58232,Men,Flip Flops,Fall,Casual
58233,Men,Wallets,Winter,Casual
58234,Unisex,Wallets,Summer,Casual
58235,Unisex,Wallets,Summer,Casual
58236,Women,Handbags,Summer,Casual
58237,Women,Clutches,Summer,Casual
58238,Women,Wallets,Summer,Casual
58239,Women,Clutches,Summer,Casual
58240,Women,Clutches,Summer,Casual
58241,Women,Wallets,Summer,Casual
58242,Women,Wallets,Summer,Casual
58243,Women,Wallets,Summer,Casual
58244,Women,Wallets,Summer,Casual
58245,Women,Wallets,Summer,Casual
58246,Women,Wallets,Summer,Casual
58247,Women,Clutches,Summer,Casual
58248,Women,Wallets,Summer,Casual
58249,Women,Wallets,Summer,Casual
58250,Women,Wallets,Summer,Casual
58251,Women,Wallets,Summer,Casual
58252,Unisex,Wallets,Summer,Casual
58253,Women,Clutches,Summer,Casual
58254,Women,Mobile Pouch,Summer,Casual
58255,Women,Clutches,Summer,Casual
58256,Women,Clutches,Summer,Casual
58257,Women,Wallets,Winter,Casual
58258,Women,Wallets,Summer,Casual
58259,Women,Clutches,Summer,Casual
58260,Women,Wallets,Summer,Casual
58261,Women,Wallets,Summer,Casual
58262,Women,Clutches,Summer,Casual
58263,Women,Clutches,Summer,Casual
58264,Women,Handbags,Summer,Casual
58265,Women,Handbags,Summer,Casual
58266,Women,Handbags,Summer,Casual
58267,Women,Handbags,Summer,Casual
58268,Women,Handbags,Summer,Casual
58269,Women,Handbags,Summer,Casual
58270,Women,Clutches,Summer,Casual
58271,Women,Handbags,Summer,Casual
58272,Women,Handbags,Summer,Casual
58273,Women,Handbags,Summer,Casual
58274,Women,Handbags,Winter,Casual
58275,Women,Bags,Winter,Casual
58276,Women,Handbags,Summer,Casual
58277,Unisex,Messenger Bag,Summer,Casual
58278,Women,Handbags,Summer,Casual
58279,Unisex,Handbags,Summer,Casual
58280,Women,Handbags,Summer,Casual
58281,Unisex,Mobile Pouch,Winter,Casual
58282,Women,Wallets,Winter,Sports
58283,Women,Clutches,Winter,Casual
58284,Women,Clutches,Summer,Casual
58286,Women,Briefs,Summer,Casual
58291,Men,Socks,Summer,Sports
58292,Men,Socks,Summer,Sports
58293,Men,Socks,Summer,Sports
58294,Men,Socks,Summer,Sports
58295,Men,Socks,Summer,Sports
58296,Men,Socks,Summer,Sports
58297,Men,Socks,Summer,Sports
58298,Men,Socks,Summer,Sports
58299,Men,Socks,Summer,Sports
58300,Men,Socks,Summer,Sports
58301,Men,Socks,Summer,Sports
58304,Men,Socks,Summer,Sports
58305,Men,Socks,Summer,Sports
58306,Men,Socks,Summer,Formal
58307,Men,Socks,Summer,Sports
58308,Men,Socks,Summer,Sports
58309,Men,Socks,Summer,Sports
58310,Men,Socks,Summer,Formal
58311,Men,Socks,Summer,Formal
58312,Men,Socks,Summer,Casual
58313,Women,Socks,Summer,Sports
58314,Unisex,Socks,Summer,Sports
58315,Unisex,Socks,Summer,Sports
58316,Men,Socks,Summer,Sports
58317,Unisex,Socks,Fall,Sports
58318,Boys,Socks,Fall,Sports
58319,Unisex,Socks,Summer,Sports
58320,Women,Socks,Summer,Sports
58321,Unisex,Socks,Fall,Sports
58322,Unisex,Socks,Fall,Sports
58323,Men,Socks,Summer,Sports
58324,Men,Flip Flops,Summer,Casual
58325,Women,Flip Flops,Fall,Sports
58326,Women,Flip Flops,Summer,Casual
58327,Women,Flip Flops,Fall,Casual
58328,Men,Flip Flops,Summer,Casual
58329,Men,Flip Flops,Summer,Casual
58330,Men,Flip Flops,Fall,Casual
58331,Men,Flip Flops,Summer,Casual
58332,Men,Sandals,Fall,Casual
58333,Men,Flip Flops,Winter,Casual
58334,Men,Flip Flops,Fall,Casual
58335,Men,Flip Flops,Summer,Casual
58336,Men,Flip Flops,Fall,Casual
58337,Women,Flats,Summer,Casual
58338,Women,Flats,Winter,Casual
58339,Women,Flats,Winter,Casual
58340,Women,Flip Flops,Summer,Casual
58349,Men,Tshirts,Summer,Casual
58351,Men,Tshirts,Summer,Casual
58357,Men,Tshirts,Summer,Casual
58358,Men,Tshirts,Summer,Casual
58372,Men,Tshirts,Summer,Casual
58375,Men,Tshirts,Summer,Casual
58381,Men,Tshirts,Summer,Casual
58385,Men,Tshirts,Summer,Casual
58394,Men,Tshirts,Summer,Casual
58395,Men,Tshirts,Summer,Casual
58411,Men,Jeans,Summer,Casual
58418,Men,Jeans,Summer,Casual
58425,Women,Kurtas,Summer,Ethnic
58439,Women,Dresses,Summer,Casual
58444,Men,Watches,Winter,Casual
58445,Men,Free Gifts,Winter,Casual
58446,Women,Kurtis,Fall,Ethnic
58447,Men,Watches,Winter,Casual
58448,Men,Watches,Winter,Casual
58449,Men,Watches,Winter,Casual
58450,Men,Watches,Winter,Casual
58451,Men,Watches,Winter,Casual
58452,Men,Watches,Winter,Casual
58453,Men,Watches,Winter,Casual
58454,Men,Watches,Winter,Casual
58455,Women,Watches,Winter,Casual
58456,Men,Watches,Winter,Casual
58458,Boys,Tshirts,Summer,Casual
58459,Girls,Tshirts,Summer,Casual
58460,Boys,Tshirts,Summer,Casual
58463,Men,Belts,Summer,Formal
58464,Women,Belts,Summer,Formal
58465,Women,Belts,Summer,Formal
58466,Women,Belts,Summer,Formal
58467,Women,Belts,Summer,Formal
58468,Women,Belts,Summer,Formal
58470,Men,Wallets,Summer,Casual
58471,Men,Wallets,Summer,Casual
58472,Men,Wallets,Summer,Casual
58473,Women,Wallets,Summer,Casual
58474,Men,Wallets,Fall,Casual
58475,Men,Wallets,Summer,Casual
58476,Men,Wallets,Summer,Casual
58477,Men,Wallets,Summer,Smart Casual
58478,Men,Wallets,Summer,Casual
58479,Men,Wallets,Summer,Casual
58480,Men,Wallets,Summer,Casual
58481,Men,Wallets,Summer,Casual
58482,Men,Wallets,Summer,Casual
58483,Men,Wallets,Summer,Casual
58484,Men,Wallets,Summer,Casual
58485,Men,Wallets,Summer,Casual
58486,Women,Wallets,Summer,Casual
58487,Men,Wallets,Summer,Casual
58488,Women,Heels,Winter,Casual
58489,Women,Dresses,Summer,Casual
58490,Women,Dresses,Summer,Ethnic
58491,Men,Shorts,Summer,Ethnic
58492,Women,Tunics,Summer,Ethnic
58493,Women,Dresses,Summer,Casual
58494,Women,Free Gifts,Fall,Ethnic
58495,Women,Tops,Summer,Casual
58496,Men,Tshirts,Summer,Casual
58497,Women,Tops,Summer,Casual
58498,Women,Tunics,Summer,Casual
58499,Women,Dresses,Summer,Casual
58500,Women,Tunics,Summer,Casual
58501,Women,Bottomwear,Summer,Casual
58502,Women,Tunics,Summer,Ethnic
58503,Women,Dresses,Winter,Casual
58504,Women,Skirts,Summer,Ethnic
58505,Women,Tunics,Summer,Casual
58506,Women,Dresses,Summer,Ethnic
58507,Women,Tshirts,Summer,Casual
58508,Women,Tshirts,Summer,Casual
58509,Women,Dresses,Summer,Ethnic
58510,Women,Tops,Summer,Casual
58511,Women,Sweaters,Summer,Casual
58512,Women,Tops,Summer,Casual
58513,Women,Tops,Summer,Casual
58514,Women,Tops,Summer,Casual
58515,Women,Innerwear Vests,Summer,Casual
58516,Women,Tops,Summer,Casual
58517,Women,Tshirts,Summer,Casual
58518,Women,Sweaters,Fall,Casual
58519,Women,Necklace and Chains,Fall,Casual
58520,Women,Innerwear,Winter,Sports
58521,Unisex,Socks,Summer,Sports
58522,Men,Backpacks,Fall,Casual
58523,Unisex,Wallets,Winter,Casual
58524,Women,Mobile Pouch,Summer,Casual
58525,Unisex,Wallets,Summer,Casual
58526,Men,Jackets,Summer,Casual
58527,Men,Sunglasses,Winter,Casual
58528,Men,Sunglasses,Winter,Casual
58529,Women,Sunglasses,Winter,Casual
58530,Men,Sunglasses,Winter,Casual
58531,Men,Sunglasses,Winter,Casual
58532,Women,Sunglasses,Winter,Casual
58533,Women,Sunglasses,Winter,Casual
58534,Men,Sunglasses,Winter,Casual
58535,Men,Sunglasses,Winter,Casual
58536,Women,Sunglasses,Winter,Casual
58537,Men,Sunglasses,Winter,Casual
58538,Men,Sunglasses,Winter,Casual
58539,Men,Sunglasses,Winter,Casual
58540,Men,Sunglasses,Winter,Casual
58541,Men,Sunglasses,Winter,Casual
58542,Men,Sunglasses,Winter,Casual
58543,Women,Sunglasses,Winter,Casual
58544,Women,Sunglasses,Winter,Casual
58545,Women,Sunglasses,Winter,Casual
58546,Women,Sunglasses,Winter,Casual
58547,Women,Sunglasses,Winter,Casual
58548,Women,Sunglasses,Winter,Casual
58549,Women,Sunglasses,Winter,Casual
58550,Women,Sunglasses,Winter,Casual
58551,Women,Sunglasses,Winter,Casual
58552,Women,Sunglasses,Winter,Casual
58553,Women,Sunglasses,Winter,Casual
58555,Men,Formal Shoes,Summer,Formal
58559,Men,Tshirts,Summer,Casual
58560,Women,Jeans,Summer,Casual
58561,Women,Jeans,Fall,Casual
58562,Women,Jeans,Winter,Casual
58563,Men,Shirts,Fall,Sports
58565,Men,Tshirts,Summer,Casual
58566,Men,Tshirts,Summer,Casual
58567,Men,Tracksuits,Summer,Casual
58569,Men,Tshirts,Summer,Casual
58570,Men,Tshirts,Summer,Casual
58571,Men,Shorts,Summer,Sports
58573,Women,Tshirts,Fall,Casual
58574,Women,Tops,Summer,Casual
58576,Women,Tshirts,Fall,Casual
58577,Men,Tshirts,Summer,Sports
58581,Women,Ring,Winter,Casual
58586,Women,Necklace and Chains,Summer,Casual
58588,Women,Necklace and Chains,Summer,Casual
58589,Women,Necklace and Chains,Fall,Sports
58590,Women,Necklace and Chains,Fall,Sports
58591,Women,Necklace and Chains,Summer,Casual
58600,Girls,Earrings,Summer,Casual
58603,Men,Tshirts,Summer,Sports
58605,Women,Earrings,Summer,Casual
58606,Women,Earrings,Winter,Ethnic
58607,Women,Earrings,Winter,Casual
58608,Women,Earrings,Winter,Casual
58609,Women,Earrings,Winter,Ethnic
58610,Women,Earrings,Summer,Casual
58611,Unisex,Earrings,Summer,Ethnic
58612,Women,Earrings,Fall,Ethnic
58614,Boys,Gloves,Summer,Casual
58615,Men,Gloves,Summer,Casual
58616,Women,Earrings,Summer,Casual
58618,Women,Earrings,Winter,Ethnic
58619,Women,Earrings,Summer,Casual
58620,Men,Earrings,Summer,Casual
58621,Men,Caps,Summer,Casual
58622,Women,Watches,Summer,Casual
58624,Unisex,Caps,Fall,Sports
58625,Unisex,Bangle,Winter,Casual
58626,Men,Belts,Summer,Casual
58627,Unisex,Caps,Summer,Casual
58628,Men,Trunk,Winter,Casual
58629,Women,Wallets,Winter,Casual
58634,Men,Socks,Fall,Casual
58635,Men,Socks,Summer,Sports
58636,Unisex,Socks,Summer,Sports
58637,Men,Socks,Summer,Sports
58638,Men,Socks,Fall,Casual
58639,Men,Socks,Summer,Sports
58640,Men,Socks,Summer,Sports
58641,Men,Socks,Summer,Casual
58642,Men,Socks,Summer,Sports
58643,Women,Kurtas,Summer,Ethnic
58644,Women,Kurtas,Summer,Ethnic
58645,Women,Stoles,Summer,Ethnic
58646,Women,Kurtas,Summer,Casual
58647,Women,Kurtas,Summer,Ethnic
58648,Women,Tunics,Summer,Ethnic
58652,Women,Tunics,Summer,Ethnic
58653,Women,Tunics,Summer,Ethnic
58654,Women,Kurtis,Summer,Ethnic
58655,Women,Kurtas,Summer,Ethnic
58656,Women,Kurtis,Summer,Ethnic
58657,Women,Tunics,Summer,Ethnic
58658,Women,Kurtas,Summer,Ethnic
58659,Women,Tunics,Summer,Ethnic
58660,Women,Kurtis,Summer,Ethnic
58661,Women,Kurtas,Summer,Ethnic
58662,Women,Kurtas,Summer,Ethnic
58663,Women,Tunics,Summer,Ethnic
58664,Women,Kurtas,Summer,Ethnic
58666,Women,Tunics,Summer,Ethnic
58667,Women,Kurtas,Summer,Ethnic
58668,Women,Kurtas,Winter,Ethnic
58669,Women,Kurtas,Summer,Ethnic
58670,Women,Kurtas,Summer,Ethnic
58671,Women,Kurtas,Summer,Ethnic
58672,Women,Kurtas,Summer,Ethnic
58673,Women,Kurtas,Summer,Ethnic
58674,Women,Kurtis,Summer,Ethnic
58675,Women,Kurtas,Summer,Ethnic
58676,Women,Kurtas,Summer,Ethnic
58677,Women,Kurtas,Summer,Ethnic
58678,Women,Kurtas,Summer,Ethnic
58680,Women,Kurtas,Summer,Ethnic
58681,Women,Kurtas,Summer,Ethnic
58682,Women,Kurtis,Summer,Ethnic
58683,Women,Kurtas,Summer,Ethnic
58684,Women,Kurtas,Summer,Ethnic
58685,Women,Dresses,Summer,Ethnic
58686,Men,Kurtas,Summer,Ethnic
58687,Women,Kurtas,Summer,Casual
58689,Women,Kurtis,Summer,Ethnic
58690,Women,Tunics,Summer,Ethnic
58691,Women,Tunics,Summer,Ethnic
58692,Women,Kurtas,Summer,Ethnic
58693,Women,Tunics,Summer,Ethnic
58694,Women,Kurtas,Summer,Ethnic
58695,Women,Tunics,Fall,Ethnic
58696,Women,Tunics,Summer,Ethnic
58698,Women,Kurtas,Summer,Ethnic
58700,Women,Tunics,Summer,Ethnic
58701,Women,Kurtas,Summer,Ethnic
58702,Women,Kurtis,Summer,Ethnic
58703,Women,Tunics,Summer,Ethnic
58718,Women,Kurtas,Summer,Ethnic
58719,Women,Kurtas,Summer,Ethnic
58720,Men,Tshirts,Summer,Casual
58722,Men,Tshirts,Fall,Casual
58723,Men,Tshirts,Summer,Casual
58724,Men,Tshirts,Summer,Casual
58725,Men,Tshirts,Summer,Sports
58726,Men,Tshirts,Summer,Casual
58727,Women,Tshirts,Summer,Casual
58728,Women,Tshirts,Summer,Casual
58729,Women,Tshirts,Summer,Sports
58730,Women,Tshirts,Summer,Casual
58731,Women,Tshirts,Summer,Casual
58732,Men,Tshirts,Summer,Casual
58734,Men,Tshirts,Summer,Sports
58735,Women,Tshirts,Summer,Casual
58736,Women,Capris,Summer,Ethnic
58737,Women,Tunics,Summer,Sports
58738,Women,Tops,Summer,Casual
58740,Men,Tshirts,Summer,Casual
58741,Men,Tshirts,Summer,Casual
58742,Men,Tshirts,Summer,Casual
58743,Men,Tshirts,Summer,Casual
58744,Men,Tshirts,Summer,Casual
58745,Men,Watches,Winter,Casual
58765,Men,Tshirts,Summer,Casual
58770,Men,Shirts,Summer,Casual
58793,Men,Shirts,Summer,Casual
58794,Men,Tshirts,Fall,Casual
58795,Men,Shirts,Fall,Casual
58796,Men,Shirts,Fall,Casual
58797,Men,Shirts,Summer,Casual
58798,Men,Jackets,Fall,Casual
58800,Men,Shirts,Fall,Casual
58801,Men,Sweaters,Fall,Casual
58802,Men,Shirts,Fall,Casual
58805,Men,Shirts,Fall,Casual
58807,Men,Sweatshirts,Fall,Sports
58808,Men,Shirts,Summer,Casual
58809,Men,Shirts,Fall,Casual
58810,Men,Shirts,Fall,Casual
58815,Women,Flats,Winter,Casual
58816,Women,Flats,Summer,Casual
58817,Women,Heels,Winter,Casual
58818,Women,Flats,Winter,Casual
58819,Women,Casual Shoes,Winter,Casual
58820,Men,Sandals,Summer,Casual
58821,Men,Watches,Winter,Casual
58822,Men,Free Gifts,Winter,Casual
58823,Men,Watches,Winter,Casual
58825,Unisex,Watches,Winter,Formal
58827,Men,Watches,Winter,Casual
58828,Men,Watches,Winter,Casual
58829,Women,Watches,Winter,Casual
58830,Men,Watches,Winter,Casual
58831,Women,Watches,Winter,Casual
58832,Men,Watches,Winter,Casual
58833,Women,Perfume and Body Mist,Summer,Casual
58834,Women,Perfume and Body Mist,Summer,Casual
58835,Women,Cufflinks,Fall,Formal
58836,Women,Cufflinks,Summer,Casual
58837,Women,Cufflinks,Winter,Formal
58838,Men,Cufflinks,Fall,Casual
58839,Men,Cufflinks,Fall,Formal
58840,Men,Cufflinks,Summer,Formal
58841,Men,Cufflinks,Fall,Casual
58842,Men,Cufflinks,Summer,Formal
58843,Men,Cufflinks,Fall,Formal
58844,Men,Cufflinks,Summer,Formal
58845,Men,Cufflinks,Fall,Casual
58846,Unisex,Cufflinks,Fall,Casual
58847,Men,Cufflinks,Summer,Casual
58848,Men,Cufflinks,Summer,Sports
58849,Men,Cufflinks,Summer,Casual
58850,Men,Cufflinks,Fall,Casual
58851,Men,Cufflinks,Fall,Casual
58852,Unisex,Cufflinks,Fall,Sports
58853,Men,Cufflinks,Fall,Casual
58854,Men,Cufflinks,Summer,Casual
58855,Men,Sunglasses,Fall,Sports
58856,Men,Cufflinks,Fall,Sports
58857,Boys,Cufflinks,Summer,Formal
58858,Men,Cufflinks,Fall,Formal
58859,Women,Cufflinks,Summer,Casual
58860,Women,Cufflinks,Summer,Casual
58861,Women,Cufflinks,Fall,Casual
58862,Women,Shoe Accessories,Winter,Casual
58863,Women,Cufflinks,Summer,Casual
58864,Men,Cufflinks,Fall,Formal
58865,Women,Cufflinks,Summer,Sports
58867,Boys,Earrings,Summer,Sports
58868,Men,Earrings,Summer,Casual
58869,Women,Cufflinks,Summer,Casual
58870,Women,Cufflinks,Summer,Casual
58871,Men,Cufflinks,Summer,Casual
58872,Men,Ties,Summer,Formal
58873,Men,Ties,Summer,Formal
58874,Men,Ties,Summer,Formal
58875,Men,Ties,Summer,Formal
58876,Men,Ties,Summer,Formal
58877,Men,Ties,Summer,Formal
58878,Men,Ties,Summer,Formal
58879,Men,Ties,Summer,Formal
58880,Women,Ties,Summer,Formal
58881,Men,Ties,Summer,Formal
58882,Men,Ties,Summer,Formal
58883,Men,Ties,Summer,Formal
58884,Women,Ties,Summer,Formal
58885,Men,Ties,Summer,Formal
58886,Women,Ties,Summer,Formal
58887,Women,Ties,Summer,Formal
58888,Women,Ties,Summer,Formal
58889,Men,Ties,Summer,Formal
58890,Men,Ties,Summer,Formal
58891,Women,Ties,Summer,Formal
58892,Men,Ties,Summer,Formal
58893,Men,Ties,Summer,Formal
58894,Men,Ties,Summer,Formal
58895,Men,Ties,Summer,Formal
58896,Men,Ties,Summer,Formal
58897,Men,Ties,Summer,Formal
58898,Men,Ties,Summer,Formal
58899,Men,Ties,Summer,Formal
58900,Men,Ties,Summer,Formal
58901,Men,Ties,Summer,Smart Casual
58902,Men,Ties,Summer,Formal
58903,Men,Ties,Summer,Formal
58904,Men,Ties,Summer,Formal
58905,Men,Ties,Summer,Formal
58906,Men,Ties,Summer,Formal
58907,Men,Ties,Summer,Formal
58908,Men,Ties,Summer,Formal
58909,Men,Ties,Summer,Formal
58910,Men,Ties,Summer,Formal
58911,Men,Ties,Summer,Formal
58912,Men,Ties,Summer,Formal
58913,Men,Ties,Summer,Formal
58914,Men,Ties,Summer,Formal
58915,Men,Ties,Summer,Formal
58916,Men,Ties,Summer,Formal
58917,Men,Ties,Summer,Formal
58918,Men,Ties,Summer,Formal
58919,Men,Ties,Summer,Formal
58920,Men,Accessory Gift Set,Fall,Formal
58921,Men,Accessory Gift Set,Fall,Casual
58922,Men,Accessory Gift Set,Fall,Casual
58923,Men,Accessory Gift Set,Winter,Casual
58924,Men,Accessory Gift Set,Fall,Formal
58925,Women,Bags,Summer,Casual
58926,Women,Perfume and Body Mist,Summer,Casual
58928,Unisex,Messenger Bag,Winter,Casual
58931,Women,Mobile Pouch,Summer,Casual
58932,Women,Mobile Pouch,Summer,Casual
58934,Men,Watches,Winter,Casual
58935,Men,Watches,Winter,Casual
58937,Men,Watches,Winter,Casual
58939,Men,Watches,Winter,Casual
58940,Men,Watches,Winter,Casual
58941,Men,Watches,Winter,Casual
58942,Women,Watches,Winter,Casual
58943,Women,Perfume and Body Mist,Spring,Casual
58944,Women,Perfume and Body Mist,Spring,Casual
58945,Women,Deodorant,Spring,Casual
58946,Women,Perfume and Body Mist,Spring,Casual
58947,Men,Deodorant,Spring,Casual
58948,Women,Deodorant,Spring,Casual
58949,Women,Deodorant,Spring,Casual
58950,Women,Deodorant,Spring,Casual
58951,Men,Deodorant,Spring,Casual
58952,Men,Deodorant,Spring,Casual
58954,Men,Deodorant,Spring,Casual
58955,Men,Deodorant,Spring,Casual
58956,Men,Deodorant,Spring,Casual
58958,Men,Deodorant,Spring,Casual
58959,Men,Deodorant,Spring,Casual
58960,Men,Deodorant,Spring,Casual
58961,Women,Deodorant,Spring,Casual
58962,Women,Perfume and Body Mist,Spring,Casual
58963,Men,Deodorant,Spring,Casual
58964,Men,Deodorant,Spring,Casual
58965,Men,Perfume and Body Mist,Spring,Casual
58966,Women,Perfume and Body Mist,Spring,Casual
58967,Women,Deodorant,Spring,Casual
58968,Women,Perfume and Body Mist,Spring,Casual
58969,Men,Deodorant,Spring,Casual
58970,Women,Deodorant,Spring,Casual
58971,Men,Deodorant,Spring,Casual
58972,Women,Deodorant,Spring,Casual
58973,Women,Deodorant,Spring,Casual
58974,Men,Deodorant,Spring,Casual
58975,Men,Deodorant,Spring,Casual
58976,Women,Deodorant,Spring,Casual
58977,Women,Deodorant,Spring,Casual
58978,Men,Deodorant,Spring,Casual
58979,Men,Deodorant,Spring,Casual
58980,Women,Deodorant,Spring,Casual
58981,Women,Deodorant,Spring,Casual
58982,Men,Deodorant,Spring,Casual
58983,Women,Deodorant,Spring,Casual
58984,Women,Deodorant,Spring,Casual
58985,Men,Deodorant,Spring,Casual
58986,Women,Deodorant,Spring,Casual
58987,Men,Deodorant,Spring,Casual
58988,Men,Deodorant,Spring,Casual
58989,Men,Deodorant,Spring,Casual
58990,Men,Perfume and Body Mist,Spring,Casual
58991,Men,Deodorant,Spring,Casual
58992,Men,Deodorant,Spring,Casual
59002,Men,Deodorant,Spring,Casual
59003,Men,Perfume and Body Mist,Spring,Casual
59004,Men,Deodorant,Spring,Casual
59005,Men,Deodorant,Spring,Casual
59006,Men,Deodorant,Spring,Casual
59008,Women,Sports Shoes,Summer,Sports
59010,Men,Casual Shoes,Summer,Sports
59011,Men,Sports Shoes,Fall,Sports
59012,Men,Casual Shoes,Fall,Sports
59013,Men,Casual Shoes,Winter,Sports
59014,Men,Sports Shoes,Fall,Sports
59015,Men,Sports Shoes,Fall,Sports
59016,Men,Sports Shoes,Summer,Sports
59017,Men,Flip Flops,Fall,Casual
59018,Women,Heels,Winter,Sports
59019,Women,Flats,Winter,Casual
59020,Women,Heels,Winter,Casual
59021,Women,Heels,Winter,Sports
59022,Women,Heels,Winter,Casual
59023,Women,Flats,Winter,Casual
59024,Women,Flats,Winter,Casual
59025,Women,Heels,Winter,Sports
59026,Women,Heels,Fall,Sports
59027,Women,Heels,Winter,Casual
59028,Women,Heels,Winter,Casual
59029,Women,Heels,Winter,Casual
59030,Women,Heels,Winter,Casual
59031,Women,Heels,Winter,Casual
59032,Women,Heels,Winter,Casual
59033,Women,Heels,Winter,Casual
59034,Women,Heels,Winter,Casual
59035,Women,Heels,Winter,Casual
59036,Women,Flats,Winter,Casual
59037,Women,Flats,Summer,Casual
59038,Women,Flats,Summer,Casual
59039,Women,Flats,Winter,Casual
59040,Women,Flip Flops,Winter,Casual
59042,Women,Heels,Winter,Casual
59043,Women,Heels,Winter,Casual
59044,Women,Heels,Winter,Casual
59045,Women,Heels,Fall,Sports
59046,Women,Heels,Winter,Casual
59047,Women,Heels,Winter,Casual
59048,Women,Heels,Winter,Casual
59049,Women,Heels,Summer,Casual
59050,Girls,Heels,Winter,Casual
59051,Women,Heels,Winter,Casual
59052,Women,Heels,Summer,Casual
59053,Women,Heels,Winter,Casual
59054,Women,Heels,Winter,Casual
59055,Women,Flats,Summer,Formal
59056,Women,Flats,Winter,Casual
59058,Women,Kurtis,Summer,Ethnic
59059,Women,Kurtas,Summer,Ethnic
59060,Women,Kurtas,Summer,Ethnic
59061,Women,Kurtas,Summer,Ethnic
59062,Women,Kurtas,Summer,Ethnic
59063,Women,Kurtas,Summer,Ethnic
59064,Men,Bra,Summer,Casual
59065,Women,Bra,Summer,Casual
59066,Women,Bra,Winter,Casual
59067,Women,Bra,Summer,Casual
59068,Men,Bra,Summer,Casual
59069,Women,Bra,Winter,Casual
59070,Women,Bra,Spring,Casual
59071,Men,Bra,Summer,Casual
59072,Women,Bra,Summer,Casual
59073,Women,Bra,Winter,Casual
59074,Women,Bra,Summer,Casual
59075,Women,Bra,Summer,Casual
59076,Women,Bra,Summer,Casual
59077,Women,Bra,Summer,Casual
59078,Women,Briefs,Summer,Casual
59079,Women,Briefs,Summer,Casual
59080,Women,Briefs,Fall,Casual
59081,Women,Bra,Summer,Casual
59082,Women,Bra,Summer,Casual
59083,Women,Bra,Summer,Casual
59084,Men,Bra,Winter,Casual
59085,Women,Briefs,Summer,Casual
59086,Women,Briefs,Summer,Casual
59087,Women,Bra,Summer,Casual
59088,Women,Bra,Summer,Casual
59089,Women,Briefs,Summer,Casual
59090,Men,Bra,Summer,Casual
59091,Women,Bra,Winter,Casual
59092,Women,Bra,Summer,Casual
59093,Women,Bra,Winter,Casual
59094,Women,Bra,Summer,Casual
59095,Women,Bra,Summer,Casual
59096,Women,Bra,Winter,Casual
59097,Women,Bra,Summer,Casual
59098,Women,Bra,Summer,Casual
59099,Women,Briefs,Summer,Casual
59100,Women,Briefs,Summer,Casual
59101,Women,Briefs,Summer,Casual
59102,Men,Sweatshirts,Summer,Casual
59103,Men,Jackets,Fall,Casual
59104,Men,Backpacks,Summer,Casual
59105,Men,Sweatshirts,Fall,Casual
59106,Men,Jackets,Summer,Casual
59112,Men,Sweatshirts,Fall,Casual
59115,Men,Sweatshirts,Fall,Sports
59116,Men,Topwear,Summer,Casual
59117,Men,Jackets,Fall,Casual
59118,Men,Jackets,Summer,Sports
59119,Men,Jackets,Summer,Casual
59120,Men,Jackets,Fall,Casual
59121,Men,Jackets,Summer,Sports
59122,Men,Jackets,Summer,Casual
59123,Men,Jackets,Summer,Casual
59124,Men,Jackets,Summer,Casual
59126,Men,Jackets,Fall,Casual
59127,Men,Jackets,Summer,Casual
59128,Women,Jackets,Fall,Casual
59129,Men,Jackets,Fall,Sports
59130,Men,Jackets,Summer,Sports
59131,Men,Jackets,Summer,Sports
59132,Men,Jackets,Summer,Casual
59133,Men,Jackets,Summer,Casual
59142,Women,Flats,Winter,Casual
59143,Women,Flats,Summer,Casual
59144,Women,Flats,Winter,Casual
59145,Women,Flats,Winter,Casual
59146,Women,Flats,Summer,Casual
59147,Women,Flats,Spring,Casual
59149,Men,Formal Shoes,Winter,Formal
59160,Men,Formal Shoes,Winter,Formal
59161,Men,Formal Shoes,Summer,Formal
59165,Women,Flats,Winter,Sports
59166,Men,Formal Shoes,Summer,Formal
59167,Men,Formal Shoes,Winter,Formal
59172,Men,Formal Shoes,Summer,Formal
59173,Men,Formal Shoes,Summer,Formal
59174,Men,Formal Shoes,Winter,Formal
59175,Men,Formal Shoes,Winter,Formal
59176,Men,Casual Shoes,Winter,Casual
59177,Men,Casual Shoes,Winter,Casual
59178,Men,Formal Shoes,Winter,Formal
59181,Men,Formal Shoes,Winter,Formal
59185,Men,Sandals,Summer,Sports
59187,Women,Heels,Winter,Casual
59188,Women,Heels,Winter,Casual
59190,Men,Sandals,Fall,Casual
59212,Women,Heels,Spring,Casual
59213,Men,Watches,Winter,Casual
59214,Men,Watches,Winter,Casual
59215,Men,Watches,Winter,Casual
59216,Men,Watches,Winter,Casual
59217,Men,Watches,Winter,Casual
59218,Men,Socks,Winter,Sports
59219,Men,Watches,Winter,Casual
59220,Women,Watches,Winter,Casual
59221,Women,Watches,Winter,Casual
59222,Women,Watches,Winter,Casual
59223,Women,Watches,Winter,Casual
59224,Women,Watches,Winter,Casual
59225,Women,Watches,Winter,Formal
59226,Women,Watches,Winter,Casual
59227,Women,Watches,Winter,Casual
59228,Women,Watches,Winter,Casual
59229,Men,Free Gifts,Winter,Casual
59230,Men,Watches,Winter,Casual
59231,Men,Watches,Winter,Sports
59232,Men,Watches,Winter,Casual
59233,Men,Watches,Winter,Casual
59235,Men,Free Gifts,Winter,Casual
59236,Men,Free Gifts,Winter,Casual
59237,Men,Watches,Winter,Sports
59238,Men,Watches,Winter,Sports
59239,Men,Watches,Winter,Casual
59240,Men,Watches,Winter,Casual
59241,Men,Watches,Winter,Casual
59242,Men,Watches,Winter,Casual
59243,Men,Watches,Winter,Casual
59244,Men,Free Gifts,Winter,Casual
59245,Men,Watches,Winter,Casual
59246,Men,Watches,Winter,Casual
59247,Men,Watches,Winter,Casual
59248,Men,Watches,Winter,Casual
59249,Men,Watches,Winter,Casual
59250,Men,Watches,Winter,Casual
59251,Men,Watches,Winter,Casual
59252,Men,Watches,Winter,Casual
59253,Men,Watches,Winter,Casual
59254,Men,Watches,Winter,Casual
59255,Men,Watches,Winter,Casual
59256,Men,Watches,Winter,Casual
59257,Women,Watches,Winter,Casual
59258,Women,Watches,Winter,Casual
59259,Women,Watches,Winter,Ethnic
59260,Men,Watches,Winter,Casual
59261,Women,Watches,Winter,Casual
59262,Men,Watches,Winter,Casual
59263,Men,Watches,Winter,Casual
59264,Women,Watches,Winter,Casual
59265,Women,Watches,Winter,Casual
59266,Men,Watches,Winter,Casual
59267,Women,Watches,Winter,Casual
59268,Men,Socks,Winter,Casual
59269,Women,Watches,Winter,Casual
59270,Men,Watches,Winter,Casual
59271,Men,Watches,Winter,Casual
59272,Women,Watches,Winter,Casual
59273,Women,Watches,Winter,Casual
59274,Unisex,Watches,Summer,Casual
59275,Men,Watches,Winter,Casual
59276,Men,Watches,Winter,Casual
59277,Men,Watches,Winter,Casual
59278,Women,Watches,Winter,Casual
59279,Women,Watches,Winter,Casual
59280,Women,Watches,Winter,Casual
59281,Men,Watches,Winter,Casual
59282,Men,Socks,Spring,Casual
59283,Men,Free Gifts,Winter,Casual
59284,Men,Watches,Winter,Casual
59286,Women,Watches,Winter,Casual
59287,Women,Watches,Winter,Casual
59290,Men,Free Gifts,Winter,Casual
59291,Men,Watches,Winter,Casual
59292,Men,Watches,Winter,Casual
59293,Men,Watches,Winter,Casual
59294,Men,Shirts,Fall,Casual
59295,Men,Shirts,Fall,Casual
59296,Men,Shirts,Fall,Casual
59297,Men,Shirts,Fall,Casual
59298,Men,Shirts,Fall,Casual
59299,Men,Shirts,Summer,Casual
59300,Men,Shirts,Summer,Casual
59301,Men,Shirts,Summer,Casual
59302,Men,Tshirts,Fall,Sports
59303,Men,Tshirts,Fall,Casual
59304,Men,Shirts,Fall,Casual
59305,Men,Shirts,Fall,Casual
59306,Men,Tshirts,Fall,Casual
59311,Men,Sports Sandals,Fall,Casual
59312,Men,Sandals,Winter,Casual
59315,Women,Casual Shoes,Fall,Casual
59323,Men,Sandals,Summer,Casual
59324,Men,Sandals,Summer,Sports
59326,Women,Casual Shoes,Summer,Formal
59329,Men,Sports Shoes,Summer,Sports
59330,Men,Casual Shoes,Summer,Casual
59338,Women,Flats,Fall,Casual
59342,Men,Casual Shoes,Summer,Casual
59349,Men,Sandals,Fall,Casual
59352,Women,Kurtas,Summer,Ethnic
59353,Men,Tunics,Summer,Ethnic
59354,Men,Tunics,Summer,Ethnic
59355,Women,Kurtas,Summer,Ethnic
59356,Women,Kurtis,Summer,Ethnic
59357,Women,Kurtis,Summer,Ethnic
59358,Women,Kurtas,Summer,Ethnic
59359,Women,Kurtas,Summer,Ethnic
59360,Women,Kurtas,Summer,Ethnic
59361,Women,Kurtis,Summer,Ethnic
59362,Women,Kurtas,Summer,Ethnic
59363,Women,Kurtas,Summer,Ethnic
59364,Women,Kurtas,Summer,Ethnic
59365,Women,Kurtas,Summer,Ethnic
59366,Men,Kurtas,Summer,Ethnic
59367,Women,Kurtas,Summer,Ethnic
59368,Women,Kurtas,Summer,Ethnic
59369,Women,Kurtas,Summer,Ethnic
59370,Women,Kurtas,Summer,Ethnic
59371,Women,Kurtas,Summer,Ethnic
59372,Women,Kurtis,Summer,Ethnic
59373,Women,Kurtis,Summer,Ethnic
59374,Women,Kurtas,Summer,Ethnic
59375,Women,Kurtis,Summer,Ethnic
59376,Women,Kurtas,Summer,Ethnic
59377,Men,Kurtas,Summer,Ethnic
59378,Women,Kurtas,Summer,Ethnic
59379,Women,Kurtas,Summer,Ethnic
59380,Women,Kurtas,Summer,Ethnic
59381,Women,Stoles,Summer,Ethnic
59382,Women,Kurtas,Summer,Ethnic
59383,Women,Kurtas,Summer,Ethnic
59387,Women,Flats,Summer,Casual
59388,Women,Flats,Winter,Casual
59390,Men,Formal Shoes,Winter,Formal
59396,Men,Casual Shoes,Summer,Sports
59399,Women,Kurtas,Summer,Ethnic
59400,Women,Tunics,Summer,Ethnic
59403,Women,Tunics,Summer,Ethnic
59404,Women,Tops,Summer,Casual
59405,Women,Jackets,Summer,Casual
59407,Women,Tunics,Summer,Ethnic
59410,Women,Tops,Summer,Casual
59413,Women,Heels,Summer,Casual
59418,Women,Tops,Summer,Casual
59421,Women,Tops,Summer,Casual
59422,Women,Tops,Summer,Casual
59428,Women,Handbags,Summer,Casual
59430,Women,Handbags,Summer,Casual
59432,Women,Handbags,Summer,Casual
59433,Women,Clutches,Summer,Casual
59435,Men,Formal Shoes,Summer,Formal
59436,Women,Heels,Winter,Casual
59437,Women,Heels,Winter,Casual
59439,Men,Shirts,Fall,Formal
59440,Men,Shirts,Summer,Casual
59441,Men,Shirts,Winter,Casual
59442,Men,Shirts,Fall,Formal
59443,Men,Shirts,Fall,Formal
59444,Men,Shirts,Fall,Casual
59445,Men,Shirts,Summer,Casual
59446,Men,Shirts,Fall,Formal
59448,Men,Shirts,Summer,Casual
59451,Men,Shirts,Fall,Formal
59452,Men,Shirts,Fall,Casual
59453,Men,Shirts,Winter,Casual
59454,Men,Shirts,Summer,Casual
59455,Women,Bangle,Summer,Casual
59456,Women,Ring,Fall,Casual
59457,Women,Ring,Summer,Casual
59458,Women,Ring,Summer,Casual
59459,Women,Bangle,Summer,Casual
59460,Boys,Ring,Summer,Casual
59461,Women,Ring,Winter,Casual
59462,Women,Ring,Summer,Casual
59463,Women,Ring,Summer,Casual
59464,Women,Ring,Fall,Casual
59465,Women,Ring,Summer,Casual
59466,Women,Bangle,Summer,Casual
59467,Women,Ring,Fall,Casual
59468,Women,Ring,Summer,Casual
59469,Women,Ring,Winter,Casual
59470,Women,Earrings,Summer,Casual
59471,Women,Ring,Summer,Casual
59474,Women,Ring,Summer,Casual
59481,Women,Ring,Summer,Casual
59484,Women,Ring,Summer,Casual
59498,Men,Necklace and Chains,Summer,Sports
59499,Women,Necklace and Chains,Summer,Casual
59501,Women,Pendant,Summer,Casual
59502,Women,Necklace and Chains,Fall,Sports
59503,Women,Pendant,Summer,Casual
59504,Women,Necklace and Chains,Summer,Casual
59505,Women,Pendant,Summer,Casual
59507,Women,Pendant,Summer,Casual
59508,Women,Pendant,Summer,Casual
59509,Women,Pendant,Summer,Casual
59510,Women,Pendant,Summer,Casual
59511,Women,Pendant,Summer,Casual
59512,Women,Necklace and Chains,Summer,Casual
59513,Women,Necklace and Chains,Summer,Casual
59514,Women,Necklace and Chains,Summer,Casual
59515,Women,Necklace and Chains,Summer,Casual
59516,Women,Necklace and Chains,Summer,Casual
59518,Women,Necklace and Chains,Summer,Casual
59519,Women,Necklace and Chains,Fall,Casual
59520,Women,Earrings,Summer,Casual
59521,Women,Earrings,Winter,Ethnic
59522,Women,Earrings,Summer,Casual
59523,Women,Earrings,Summer,Ethnic
59524,Women,Earrings,Summer,Casual
59525,Women,Earrings,Summer,Casual
59526,Women,Earrings,Summer,Casual
59527,Women,Earrings,Winter,Casual
59528,Boys,Earrings,Summer,Casual
59529,Women,Earrings,Summer,Casual
59530,Women,Earrings,Winter,Casual
59531,Women,Earrings,Summer,Casual
59532,Women,Earrings,Summer,Casual
59533,Women,Earrings,Summer,Casual
59534,Women,Earrings,Summer,Casual
59535,Women,Earrings,Summer,Casual
59537,Women,Earrings,Summer,Casual
59541,Women,Earrings,Summer,Ethnic
59543,Women,Earrings,Summer,Casual
59544,Women,Earrings,Summer,Casual
59545,Women,Earrings,Winter,Casual
59546,Women,Earrings,Summer,Casual
59547,Women,Earrings,Summer,Casual
59550,Women,Earrings,Summer,Casual
59551,Women,Earrings,Summer,Casual
59552,Women,Bangle,Fall,Casual
59553,Men,Bracelet,Summer,Casual
59554,Women,Bracelet,Summer,Casual
59555,Women,Bracelet,Winter,Casual
59556,Women,Bracelet,Summer,Casual
59557,Women,Bracelet,Winter,Casual
59558,Women,Bangle,Winter,Casual
59559,Women,Bracelet,Summer,Casual
59560,Women,Bracelet,Winter,Casual
59561,Women,Ring,Summer,Casual
59563,Women,Earrings,Fall,Casual
59564,Women,Cufflinks,Summer,Casual
59565,Women,Cufflinks,Summer,Casual
59566,Boys,Cufflinks,Summer,Casual
59567,Women,Cufflinks,Summer,Casual
59568,Men,Cufflinks,Summer,Casual
59569,Men,Cufflinks,Fall,Formal
59570,Unisex,Cufflinks,Fall,Sports
59571,Women,Cufflinks,Fall,Casual
59572,Unisex,Cufflinks,Summer,Sports
59573,Unisex,Cufflinks,Summer,Formal
59574,Women,Cufflinks,Fall,Casual
59575,Girls,Cufflinks,Summer,Casual
59576,Women,Cufflinks,Fall,Casual
59577,Women,Cufflinks,Summer,Casual
59578,Girls,Cufflinks,Summer,Casual
59579,Boys,Cufflinks,Summer,Casual
59580,Boys,Cufflinks,Summer,Casual
59581,Men,Cufflinks,Summer,Casual
59582,Men,Cufflinks,Summer,Casual
59583,Women,Cufflinks,Summer,Casual
59584,Boys,Cufflinks,Fall,Casual
59585,Unisex,Cufflinks,Summer,Casual
59586,Men,Cufflinks,Fall,Casual
59587,Unisex,Earrings,Fall,Casual
59589,Women,Sarees,Summer,Ethnic
59590,Women,Sarees,Fall,Ethnic
59591,Women,Sarees,Fall,Ethnic
59592,Women,Sarees,Fall,Ethnic
59593,Women,Sarees,Fall,Ethnic
59594,Men,Sarees,Fall,Ethnic
59595,Men,Sarees,Summer,Ethnic
59596,Men,Sarees,Fall,Ethnic
59597,Women,Sarees,Summer,Ethnic
59598,Women,Sarees,Summer,Ethnic
59599,Women,Sarees,Fall,Ethnic
59600,Women,Sarees,Summer,Ethnic
59601,Women,Sarees,Summer,Ethnic
59603,Women,Sarees,Summer,Ethnic
59604,Women,Sarees,Summer,Ethnic
59606,Men,Sarees,Fall,Ethnic
59607,Women,Sarees,Summer,Ethnic
59608,Women,Sarees,Summer,Ethnic
59609,Women,Sarees,Fall,Ethnic
59610,Women,Sarees,Summer,Ethnic
59611,Women,Sarees,Fall,Ethnic
59612,Women,Sarees,Summer,Ethnic
59613,Women,Sarees,Fall,Ethnic
59614,Women,Sarees,Fall,Ethnic
59615,Women,Sarees,Summer,Ethnic
59616,Women,Sarees,Fall,Ethnic
59618,Women,Sarees,Summer,Ethnic
59619,Women,Sarees,Summer,Ethnic
59620,Women,Sarees,Summer,Ethnic
59621,Women,Sarees,Summer,Ethnic
59622,Women,Sarees,Summer,Ethnic
59623,Women,Sarees,Summer,Ethnic
59624,Women,Free Gifts,Fall,Ethnic
59625,Women,Sarees,Fall,Ethnic
59626,Women,Sarees,Summer,Ethnic
59628,Women,Sarees,Summer,Ethnic
59630,Women,Sarees,Fall,Ethnic
59631,Women,Sarees,Summer,Ethnic
59632,Women,Sarees,Summer,Ethnic
59633,Women,Sarees,Summer,Ethnic
59634,Women,Sarees,Summer,Ethnic
59635,Women,Sarees,Fall,Ethnic
59636,Women,Sarees,Fall,Ethnic
59637,Men,Sarees,Summer,Ethnic
59638,Women,Sarees,Fall,Ethnic
59639,Women,Sarees,Summer,Ethnic
59640,Women,Sarees,Fall,Ethnic
59641,Women,Sarees,Summer,Ethnic
59642,Men,Sarees,Fall,Ethnic
59643,Women,Sarees,Fall,Ethnic
59644,Men,Sarees,Summer,Ethnic
59645,Women,Sarees,Summer,Ethnic
59646,Women,Sarees,Summer,Ethnic
59647,Women,Sarees,Summer,Ethnic
59648,Women,Sarees,Summer,Ethnic
59649,Women,Sarees,Summer,Ethnic
59650,Women,Sarees,Fall,Ethnic
59651,Women,Sarees,Summer,Ethnic
59652,Women,Sarees,Fall,Ethnic
59653,Women,Sarees,Summer,Ethnic
59654,Women,Sarees,Summer,Ethnic
59655,Women,Sarees,Fall,Ethnic
59656,Women,Sarees,Fall,Ethnic
59657,Women,Sarees,Fall,Ethnic
59658,Women,Sarees,Fall,Ethnic
59659,Women,Sarees,Fall,Ethnic
59660,Women,Sarees,Fall,Ethnic
59661,Women,Sarees,Summer,Ethnic
59662,Women,Sarees,Summer,Ethnic
59663,Women,Sarees,Summer,Ethnic
59664,Women,Sarees,Summer,Ethnic
59665,Women,Sarees,Summer,Ethnic
59666,Women,Sarees,Summer,Ethnic
59667,Women,Sarees,Fall,Ethnic
59668,Women,Sarees,Fall,Ethnic
59669,Men,Sarees,Fall,Ethnic
59670,Women,Sarees,Summer,Ethnic
59672,Women,Sarees,Fall,Ethnic
59673,Women,Sarees,Fall,Ethnic
59674,Women,Sarees,Summer,Ethnic
59675,Women,Flats,Winter,Casual
59676,Women,Flats,Winter,Casual
59677,Women,Briefs,Summer,Casual
59678,Men,Briefs,Summer,Casual
59679,Women,Briefs,Summer,Casual
59680,Women,Briefs,Summer,Casual
59681,Women,Briefs,Summer,Casual
59682,Women,Briefs,Summer,Casual
59683,Women,Briefs,Summer,Casual
59684,Men,Briefs,Summer,Casual
59685,Women,Briefs,Summer,Casual
59686,Women,Briefs,Summer,Casual
59687,Women,Briefs,Summer,Casual
59688,Women,Briefs,Summer,Casual
59689,Women,Bra,Spring,Casual
59690,Women,Bra,Summer,Casual
59691,Women,Bra,Summer,Casual
59692,Women,Bra,Winter,Casual
59693,Women,Bra,Summer,Casual
59694,Women,Briefs,Summer,Casual
59695,Women,Briefs,Summer,Casual
59696,Women,Briefs,Summer,Casual
59697,Women,Bottomwear,Summer,Casual
59698,Women,Innerwear,Summer,Casual
59699,Women,Bra,Summer,Casual
59700,Women,Bra,Summer,Casual
59701,Women,Briefs,Fall,Casual
59702,Women,Bottomwear,Winter,Casual
59703,Women,Briefs,Summer,Casual
59704,Women,Briefs,Summer,Casual
59705,Women,Bra,Summer,Casual
59706,Women,Bra,Summer,Casual
59707,Women,Briefs,Summer,Casual
59708,Women,Briefs,Summer,Casual
59709,Women,Briefs,Summer,Casual
59710,Women,Briefs,Summer,Casual
59711,Women,Briefs,Summer,Casual
59712,Women,Bottomwear,Winter,Casual
59713,Women,Innerwear,Summer,Casual
59714,Women,Nightdress,Summer,Casual
59715,Women,Tops,Summer,Casual
59716,Women,Loungewear and Nightwear,Summer,Casual
59717,Women,Bra,Winter,Casual
59718,Women,Bra,Winter,Casual
59719,Women,Bra,Summer,Casual
59720,Women,Bra,Winter,Casual
59721,Women,Bra,Winter,Casual
59722,Men,Briefs,Summer,Casual
59723,Women,Bra,Summer,Casual
59724,Women,Bra,Summer,Casual
59725,Women,Bra,Summer,Casual
59726,Women,Bra,Summer,Casual
59727,Women,Bra,Summer,Casual
59728,Women,Bra,Summer,Casual
59729,Women,Bra,Winter,Casual
59730,Women,Bra,Summer,Casual
59731,Women,Bra,Fall,Casual
59732,Women,Bra,Summer,Casual
59733,Women,Bra,Summer,Casual
59734,Women,Briefs,Summer,Casual
59735,Women,Briefs,Summer,Casual
59736,Women,Briefs,Summer,Casual
59739,Women,Bra,Winter,Casual
59740,Women,Bra,Summer,Casual
59741,Women,Bra,Summer,Casual
59742,Women,Briefs,Summer,Casual
59743,Women,Briefs,Summer,Casual
59744,Women,Tops,Summer,Casual
59745,Women,Skirts,Summer,Casual
59746,Women,Dresses,Summer,Ethnic
59747,Women,Nightdress,Fall,Casual
59748,Women,Night suits,Summer,Ethnic
59749,Women,Night suits,Summer,Ethnic
59750,Men,Briefs,Fall,Casual
59751,Women,Briefs,Summer,Casual
59752,Women,Briefs,Summer,Casual
59753,Women,Briefs,Summer,Casual
59754,Women,Tops,Summer,Casual
59755,Women,Briefs,Summer,Casual
59756,Women,Tshirts,Summer,Casual
59757,Women,Flats,Winter,Sports
59758,Women,Flats,Winter,Casual
59759,Women,Heels,Winter,Casual
59760,Women,Flats,Winter,Casual
59761,Women,Flats,Winter,Casual
59762,Women,Flats,Winter,Casual
59763,Women,Flats,Winter,Casual
59764,Women,Flats,Winter,Casual
59765,Women,Earrings,Winter,Ethnic
59766,Women,Earrings,Winter,Ethnic
59767,Women,Earrings,Winter,Ethnic
59768,Men,Sports Shoes,Winter,Sports
59769,Women,Jewellery Set,Winter,Casual
59770,Women,Jewellery Set,Winter,Casual
59771,Women,Pendant,Winter,Casual
59772,Women,Pendant,Summer,Casual
59773,Women,Necklace and Chains,Winter,Casual
59774,Women,Necklace and Chains,Fall,Sports
59775,Women,Bangle,Winter,Casual
59776,Women,Bangle,Winter,Casual
59777,Women,Bracelet,Winter,Casual
59778,Women,Bracelet,Winter,Casual
59779,Women,Bracelet,Winter,Casual
59780,Women,Bangle,Winter,Casual
59781,Women,Bracelet,Winter,Casual
59782,Women,Bracelet,Winter,Casual
59783,Men,Belts,Summer,Casual
59784,Women,Bracelet,Summer,Casual
59794,Women,Tunics,Summer,Casual
59795,Women,Tops,Summer,Casual
59796,Women,Tops,Summer,Casual
59797,Men,Tshirts,Summer,Casual
59810,Men,Tshirts,Summer,Casual
59811,Women,Kurtis,Summer,Ethnic
59813,Women,Jeans,Summer,Casual
59814,Men,Jeans,Spring,Casual
59819,Men,Shirts,Summer,Casual
59824,Men,Shirts,Summer,Casual
59826,Men,Shirts,Summer,Casual
59827,Men,Shirts,Summer,Casual
59832,Men,Shirts,Summer,Formal
59833,Men,Shirts,Summer,Casual
59834,Men,Tshirts,Summer,Sports
59838,Men,Tshirts,Summer,Sports
59839,Men,Fragrance Gift Set,Spring,Casual
59851,Women,Perfume and Body Mist,Spring,Casual
59853,Men,Perfume and Body Mist,Spring,Casual
59856,Men,Perfume and Body Mist,Winter,Casual
59858,Women,Perfume and Body Mist,Spring,Casual
59859,Men,Perfume and Body Mist,Spring,Casual
59860,Women,Perfume and Body Mist,Spring,Casual
59862,Men,Fragrance Gift Set,Spring,Sports
59863,Men,Perfume and Body Mist,Spring,Casual
59866,Women,Perfume and Body Mist,Spring,Casual
59872,Women,Tops,Summer,Casual
59873,Women,Skirts,Summer,Casual
59874,Women,Tunics,Summer,Casual
59875,Women,Kurtis,Summer,Casual
59876,Women,Sarees,Fall,Ethnic
59877,Women,Leggings,Summer,Ethnic
59878,Men,Stockings,Summer,Sports
59879,Women,Jeans,Summer,Ethnic
59880,Women,Trousers,Summer,Formal
59881,Men,Trousers,Summer,Sports
59882,Women,Innerwear Vests,Summer,Casual
59883,Women,Tops,Summer,Casual
59884,Women,Tops,Summer,Casual
59885,Women,Tops,Summer,Casual
59886,Women,Tops,Summer,Casual
59887,Women,Innerwear Vests,Summer,Casual
59888,Women,Tops,Summer,Casual
59889,Women,Tshirts,Summer,Casual
59890,Unisex,Dresses,Summer,Casual
59891,Women,Tops,Summer,Casual
59892,Women,Shirts,Summer,Casual
59893,Women,Shirts,Summer,Casual
59894,Women,Tops,Summer,Casual
59895,Women,Dresses,Summer,Casual
59896,Women,Sarees,Fall,Ethnic
59897,Women,Sarees,Summer,Ethnic
59898,Women,Tops,Summer,Casual
59900,Women,Dupatta,Summer,Casual
59901,Women,Jackets,Summer,Casual
59902,Women,Tunics,Summer,Casual
59903,Women,Tops,Summer,Casual
59904,Women,Stoles,Summer,Casual
59905,Women,Stoles,Summer,Casual
59906,Women,Kurtis,Fall,Ethnic
59907,Women,Stoles,Summer,Casual
59908,Women,Sarees,Summer,Ethnic
59909,Women,Sarees,Summer,Ethnic
59910,Women,Kurtas,Summer,Ethnic
59911,Women,Kurtas,Summer,Ethnic
59912,Women,Kurtas,Summer,Ethnic
59914,Women,Kurtas,Summer,Ethnic
59915,Women,Kurtas,Summer,Ethnic
59916,Women,Kurtas,Summer,Casual
59917,Women,Kurtas,Summer,Ethnic
59918,Men,Kurtas,Summer,Ethnic
59919,Women,Kurtas,Summer,Ethnic
59920,Women,Kurtas,Summer,Ethnic
59921,Women,Kurtas,Summer,Ethnic
59922,Women,Kurtas,Summer,Ethnic
59923,Women,Kurtas,Summer,Ethnic
59924,Women,Kurtis,Summer,Ethnic
59925,Women,Kurtas,Summer,Ethnic
59926,Women,Kurtas,Summer,Ethnic
59927,Women,Kurtas,Summer,Casual
59928,Women,Kurtis,Summer,Ethnic
59929,Women,Tunics,Summer,Ethnic
59930,Women,Kurtis,Summer,Ethnic
59931,Women,Kurtas,Summer,Ethnic
59932,Women,Kurtas,Summer,Casual
59933,Women,Kurtas,Summer,Ethnic
59934,Women,Kurtas,Summer,Ethnic
59935,Men,Casual Shoes,Fall,Sports
59936,Men,Casual Shoes,Fall,Casual
59937,Men,Casual Shoes,Fall,Casual
59938,Men,Casual Shoes,Fall,Casual
59939,Men,Casual Shoes,Fall,Casual
59940,Men,Casual Shoes,Summer,Casual
59941,Men,Casual Shoes,Fall,Casual
59942,Men,Casual Shoes,Summer,Casual
59943,Unisex,Casual Shoes,Fall,Casual
59944,Unisex,Casual Shoes,Fall,Casual
59945,Men,Casual Shoes,Fall,Casual
59946,Women,Perfume and Body Mist,Spring,Casual
59947,Women,Perfume and Body Mist,Spring,Casual
59948,Women,Deodorant,Spring,Casual
59949,Women,Deodorant,Spring,Casual
59950,Women,Deodorant,Spring,Casual
59951,Women,Deodorant,Spring,Casual
59961,Men,Deodorant,Spring,Casual
59962,Men,Deodorant,Spring,Casual
59963,Women,Dresses,Summer,Ethnic
59964,Women,Dresses,Summer,Ethnic
59965,Men,Dresses,Summer,Sports
59966,Women,Dresses,Summer,Ethnic
59967,Women,Kurtas,Summer,Ethnic
59968,Women,Dresses,Summer,Casual
59969,Women,Dresses,Winter,Casual
59970,Women,Dress,Summer,Ethnic
59971,Women,Dresses,Summer,Ethnic
59972,Women,Dresses,Summer,Ethnic
59973,Women,Dresses,Summer,Casual
59974,Women,Dresses,Fall,Casual
59975,Women,Dresses,Fall,Casual
59976,Women,Dresses,Summer,Casual
59977,Women,Dresses,Summer,Ethnic
59978,Women,Dresses,Summer,Casual
59979,Women,Kurtas,Summer,Ethnic
59980,Women,Dresses,Summer,Casual
59981,Women,Dresses,Summer,Ethnic
59982,Women,Dresses,Summer,Ethnic
59983,Women,Dresses,Summer,Ethnic
59984,Women,Dresses,Summer,Casual
59985,Women,Dresses,Summer,Ethnic
59986,Women,Dresses,Summer,Ethnic
59987,Women,Dresses,Summer,Casual
59988,Women,Dresses,Summer,Casual
59989,Women,Dresses,Summer,Casual
59990,Women,Dresses,Summer,Ethnic
59991,Women,Dresses,Summer,Ethnic
59992,Women,Kurtas,Summer,Ethnic
59993,Women,Dresses,Summer,Casual
59994,Women,Dresses,Summer,Casual
59995,Men,Dresses,Summer,Ethnic
59996,Women,Kurtas,Summer,Ethnic
59998,Women,Heels,Summer,Casual
59999,Women,Heels,Winter,Casual
60000,Women,Tunics,Summer,Ethnic
